Código	Descripción	P.V.P.	Stock Actual
000013	PULSIOXIMETRO CONTEC	49,95 €	1
000025	ZAPATO POS QUIRURGICO EMO TALLA M NEGRO	19,95 €	1
000033	CARDO MARIANO SORIA NATURAL 50ML DOSIFICADOR	2,95 €	1
000110	PRUEBA AZUCAR	3,00 €	4
000158	AGUAYO CREMA ULTRA HIDRAT. PIES 100ML	4,50 €	7
000177	BABY AGUAYO LIMA CRISTAL COLOR	4,95 €	6
000180	BABY AGUAYO TIJERA PUERICULTURA COL	5,30 €	6
000181	BABY AGUAYO CORTAUÑAS INFANTIL	2,95 €	6
000232	JGA BD DISCARDIT II 10ML 21G 40X0.8	0,50 €	1
000300	SMINT FRUTAS SILVESTRES	1,00 €	2
000310	GAFAS DE SOL	22,00 €	13
000518	FITTY DENT 40 GR 2 UNIDAD 50% DESC	12,95 €	9
002109	GAFA LP20B +1.00	10,00 €	1
002360	HEEL SPASCUPREEL 50 COMP ALLIANCE	15,50 €	1
002396	CABESTRILLO A.H 321 T S	14,00 €	1
002549	SEDATIF 90 COMP ALLIANCE	13,75 €	1
002580	CEPILLO LIMPIA BIBERONES SARO	4,25 €	1
003094	GAFA FARLINE OPT VENECIA CARE1	11,95 €	1
003303	MAF SEPARADOR LUNA PQÑO SILICONA	3,95 €	1
003655	MAF TUBIGEL T/PQÑO	7,95 €	1
003656	GAFA VISLINE INF SOL	15,00 €	1
004147	ENVASE ORINA VACIO APOSAN 50UN	0,50 €	2
004670	GAFA FARLINE LONDRES VIOLETA 1.5	17,50 €	1
004678	GAFA FARLINE OPT LONDRES VIOL3	17,50 €	2
005072	PERFILADOR DE OJOS MARRON KAJAL	3,50 €	1
006100	GAFA FARLINE LONDRES BL-NG 1,5	17,50 €	1
006109	GAFA FARLINE LONDRES TRANS 2	17,50 €	1
006121	GAFA FARLINE VENECIA AZUL 1,5	12,95 €	1
007034	GAFA FARLINE OPTA VENEC BLA2	12,95 €	1
009104	GAFA L9 +1.00	10,00 €	1
009203	GAFA L9 +2.00	10,00 €	1
009235	SALVASLIP EVAX NORMAL 24	1,95 €	2
009341	DUPLO EUCERIN HIGIENE INTIMA	13,95 €	1
009538	GAFA FARLINE DUBLIN AZ 2,5	11,95 €	1
009540	GAFA FARLINE DUBLIN AZ 3.5	11,95 €	1
009541	GAFA FARLINE MILAN GRIS 1	11,95 €	1
009543	GAFA FARLINE MILAN GRIS 2	11,95 €	1
009715	MULETILLA PLEGABLE NG P.MADERA	18,95 €	1
009856	VALERIANA  CLASSIC  30 G + VALERIANA MELATONINA	11,50 €	1
010172	GAFA CIES AZ P FARLINE OPTA	19,95 €	1
010376	MULTIDROG TEST COCAINA 1 TEST	3,95 €	3
010474	COLONIA Nº 16 150 ML	9,95 €	2
011004	GEL HIDRAT ALOE VERA  VALPHARMA 250CC	6,95 €	4
011475	NECESER MINI CAMOMILA KLORANE	9,95 €	1
011476	NECESER MINI QUININA KLORANE	9,95 €	2
011615	ESTUCHE PHYSIOLIFT CREMA + MASCARILLA	36,95 €	1
011622	ESTUCHE PHYSIOLIFT EMULSION + MASCARILLA	36,95 €	2
012231	GAFAS SOL FARLINE SUIZA NEGRA	19,95 €	1
012235	GAFA SOL CAIRO AZ POL FARLINE	19,95 €	1
012345	ARBASY GEL HIDROALCOHOLICO 500ML	5,95 €	32
012346	ARBASY GEL HIDROALCOHOLICO 100 ML	1,95 €	29
012555	PINZAS DUPLY	4,95 €	1
013199	GAFA FARLINE OPT TOKIO RJ 1	11,95 €	1
013483	GAFA SOL FARLINE LOMBOK NEGRA	19,95 €	1
013484	GAFA SOL FARLINE LOMBOK ROSA	19,95 €	1
013487	GAFA SOL FARLINE BROCK RS	19,95 €	1
013489	GAFA SOL FARLINE FIYI CAREY	19,95 €	1
013495	GAFA SOL FARLINE TAMBO AZUL	19,95 €	2
013817	MULETILLA PLEG NEGRA P.PLASTIC	14,95 €	1
013818	MULETILLA PLEGABLE ALUM PUÑO DERBY BRONCE	16,95 €	1
013819	MULETILLA PLEG GRIS P.PLASTICO	14,95 €	1
013820	MULET PLEG BLANCO FLOR P.MADER	19,95 €	1
013823	MULET PLEG AZUL FLOR P.PLASTIC	16,95 €	1
014678	SMINT MENTA CAJA PEQUEÑA	1,00 €	1
014701	TERMOMETRO DIGITAL 10SEG POLYGREEN	8,95 €	32
015200	NIAGARA SILLA DE BAÑO BLANCA	46,00 €	1
015511	ABEÑULA BLANCA GRANDE	6,60 €	1
016195	PACK GLUCOMETRO + 2 CAJAS TIRAS	39,95 €	2
016222	TH VITALIA TREATMENT CONTORNO DE OJOS 30 ML	5,99 €	4
016253	TH VITALIA TREATMENT SERUN RENOVADOR 40 ML	5,99 €	7
016553	BASTON ALUMINIO PLEGABLE BEIGE	18,00 €	1
016690	PILEXIL FORTE  PACK 2 CAJAS 100 CAPS	56,95 €	1
016782	PROMO FUNSOL 2ªUNIDAD 50%	12,95 €	18
017304	TH THERAPY REPARACION FACIAL 2 ML	2,50 €	3
017703	TH PHARMA VITALIA SIN AMONIACO COLORACION 3	5,25 €	3
017711	TH PHARMA VITALIA SIN AMONIACO COLORACION 1.1	5,25 €	1
017735	TH PHARMA VITALIA SIN AMONIACO COLORACION 7.35	5,25 €	3
017832	TH PHARMA VITALIA SIN AMONIACO COLORACION 8.32	5,25 €	2
017877	PACK CAMALEON SERUM + MASCARA FRIO	15,95 €	2
017900	TH PHARMA VITALIA SIN AMONI  900 SN ACLARADO	5,25 €	1
017901	TH PHARMA VITALIA SIN AMONIA  901 SN ACLARADO	5,25 €	3
018009	MASCARILLA QUIR  UD	0,96 €	198
018039	MASCARILLA KN95	4,50 €	30
018091	GUANTES NITRILO CURI S/P TS100	15,95 €	1
018486	DUPLO COREGA MAXIMO SELLADO 40G	14,95 €	6
019094	TH VITALIA PERFECT CR HIDRATANTE ORO REG 50 ML	7,90 €	4
019125	MULETILLA HAYA MADERA	11,95 €	1
021835	MEGA SOMNIO 60 CAPSULAS	13,95 €	1
022103	GAFA L 22  1.00	10,00 €	1
022202	GAFA L 22  2.00	10,00 €	1
022210	GAFA L22B +1.00	9,50 €	1
022723	MEFIX 5 CM X 10 METROS ROLLO	5,90 €	2
026271	PACK AVENE HYDRANCE LIGERO 40 ML	21,95 €	4
027210	GAFA L27B  1.00	6,00 €	1
027215	GAFA L27B 1.50	6,00 €	1
027810	GAFA L27R 1.00	6,00 €	1
027815	GAFA L27R 3.50	6,00 €	1
028308	TRAUMEEL S HEEL 50 COMP	13,95 €	5
028654	TRAUMEEL S HEEL POMADA 100 G	17,90 €	12
031259	GAFA L31  2.50	10,00 €	1
032090	OMEGA 5 60 PERLAS  PLANTAPOL	19,95 €	1
033333	PLATO AVENT 12 MESES	5,00 €	1
034106	GAFA L34 +1.00	10,00 €	1
034151	GAFA L34 +1.50	10,00 €	1
043289	MAQUILLAJE FLUIDO CORRECTOR ARENA + BROCHA	18,95 €	3
043331	JABON HENO PRAVIA GLI GAL3X125	5,20 €	1
043611	GAFA  L36A +1.00	6,00 €	2
043681	GAFA L36R +1.00	6,00 €	1
044061	MASCARA DE PESTAÑAS BETER	7,50 €	3
044410	GAFA L44 +1.00	6,00 €	1
045401	COLIKIND DHU GRAN 10 G	18,50 €	1
045658	CIGARRO MENTOL FLOWERS 2PZ 1UN	1,00 €	1
046024	DUPLO LADIVAL SUMMER PACK SPRAYS	25,95 €	4
046789	VERTIGO-HEEL HEEL 50 COMPRIMID	15,50 €	1
048793	ENGYSTOL N HEEL 50 COMP	15,50 €	1
048964	TH VITALIA PERFECTION VITAMINA C 5 X 2ML AMP	9,50 €	3
048971	TH VITALIA PERFECTION VITAMINA C 15 X 2M AMP	14,95 €	3
050765	EXPECTODHU DHU JBE 200 ML	12,50 €	4
052167	HALLS ORIGINAL	1,20 €	28
052170	HALLS CITRICOS	1,20 €	11
053672	HALLS MIEL Y LIMON	1,20 €	75
061234	ZZ LOCION 100 CC ALLIANCE	6,95 €	1
061610	PENDIENTES BEBE (PAR)	12,00 €	40
064306	HALLS SANDIA	1,20 €	52
066033	ACEITE ARBOL DE TE  100% NATURAL VALPHARMA	8,95 €	7
070159	GAFA L70 +1.50	11,00 €	1
070797	AUSONIA TALCO 500 G	7,29 €	1
072619	CARAMELOS EM-EUKAL SALVIA	1,50 €	4
072626	CARAMELOS EM-EUKAL LIMON	1,50 €	6
073077	INMOVILIZADOR HOMBRO 903 N M	14,50 €	2
073170	CABESTRILLO EXCELLENT 909 M	14,50 €	1
073379	VASELINA GAL 40 G	4,20 €	1
073387	VASELINA GAL 13 ML ALLIANCE	2,60 €	2
080938	CHICLE MENTOS FRESA CODIFAR	1,00 €	36
080955	CHICLE MENTOS MENTA VERDE CODIFAR	1,00 €	53
080985	CHICLE MENTOS MENTA AZUL CODIFAR	1,00 €	100
081104	GAFA L8A  +1.00	9,50 €	1
082101	GAFA L28B +1.00	6,00 €	2
082156	GAFA L28B +1.50	6,00 €	1
082200	GAFA L28B  +2.00	6,00 €	1
087222	GREY ACEITE BAÑO SENSUAL	12,95 €	3
087223	GREY ACEITE DE MASAJE	12,95 €	2
090013	MULETILLA HAYA NEGRA PUÑO DERBY	16,00 €	1
090014	MULETILLA HAYA NOGAL PUÑO DERBY	16,00 €	1
090101	MUSTELA AGUA DE COLONIA PACK 2X1 200 ML S/A	11,25 €	7
093631	GAFA SUPERWINGS GAFA INFANTILES	6,95 €	2
094605	DUPLO LADIVAL SPRAY FP50+ (150+150)	25,95 €	5
094606	LADIVAL CAPSULAS SOL-ANTIOX 2X1 30 CAPS UNIT	15,95 €	14
094614	PACK LADIVAL MAQ COMPACTO ARENA	18,95 €	1
100102	ZAPATO BARWON T43	80,00 €	1
100103	ZAPATO BOA VISTA B/S KIDS 29T ROSA	39,00 €	1
100104	ZAPATO BOA VISTA B/S KIDS 30T ROSA	39,00 €	1
100105	ZAPATO BOA VISTA B/S KIDS 31T PLATA	39,00 €	1
100106	ZAPATO BOA VISTA B/S KIDS 32T PLATA	39,00 €	1
100116	ZAPATO AIR BAG B/S KIDS 31	39,00 €	1
100416	ORINAL CUÑA	10,50 €	1
103296	ARNIDOL ROLL-ON 15ML	9,50 €	2
105727	ZUECO SKOLL BLANCO T.45-46	60,00 €	1
111997	COLLARIN PHILADELPHIA 3.25 T/1	39,95 €	1
119362	BROCHE CLIP CHICCO PROTEGECHUP	6,30 €	1
121204	AURAFIX COLLARIN PHILADELPHIA (945)TALLA L	31,95 €	1
121321	AURAFIX FAJA SACROLUMBAR SOPORTE ABDOM TALLA XXL	44,95 €	1
121376	VENDA COHESIVA PERRO AZUL 5*4.5M VETFLEX	2,95 €	2
121564	AURAFIX MUÑEQUERA FERULA NEOPRENO TALLA M	17,50 €	1
121565	AURAFIX MUÑEQUERA FERULA NEOPRENO TALLA S	15,95 €	1
121586	AURAFIX MUÑEQUERA TUBULAR TALLA UNIVERSAL	9,50 €	1
121833	AURAFIX RODILLERA TEJIDA TALLA M	23,50 €	1
121834	AURAFIX RODILLERA S	23,50 €	1
121846	AURAFIX RODILLERA TEJIDA TALLA XXL	23,50 €	1
121981	AURAFIX TOBILLERA TEJIDA TALLA XL	19,50 €	1
130428	MULTIDROG TEST MARIHUANA 1TEST	3,95 €	3
131656	SMINT PIPERMINT	2,00 €	15
131658	SMINT LIMON	2,00 €	7
131659	SMINT EUCALIPTO	2,00 €	5
134396	ALCOHOL MONTPLET 96  250 ML	2,50 €	51
137296	EUCERIN GEL PH5 1L+400 ML	17,95 €	1
139250	FLUOR KIN ENJUAG PACK 500+500	9,95 €	1
141086	AQUILEA ARTINOVA COLAGENO DUPLO  2¬ 40%	29,95 €	1
147073	ENVASE ORINA KIT	1,00 €	1
148433	KLEENEX ALVITA	0,40 €	16
148459	JGA ENFA 5ML 21G 40X8	0,50 €	21
148557	ALMOHADILLA ELECTRICA MEDIFLOWER 40X30	23,50 €	2
149250	GAFA KUKUXUMUSU	17,50 €	2
149862	ANDADOR ROLLATOR C/FRENOS BURD ESCORIAL	95,00 €	2
150000	ZELESSE SOL INTIMO ACTIV 25O	12,95 €	2
150113	SOLUCION FISIOLOGICA CINFA 40 UNIDOSIS	8,50 €	1
150330	VITIS PASTA ENCIAS 150 ML	8,95 €	8
150419	VITIS SEDA DENTAL CON CERA 50 M 2 U DUPLO	8,20 €	11
150578	NASALMER SPRAY NASAL HIPERTONICO SUAVE 125 ML	7,95 €	2
150692	NATALBEN LACTANCIA 60 CAPS	19,95 €	1
150826	AVENE HYDRANCE ENRIQUECIDA UV SPF 20 40 ML	21,95 €	5
150827	AVENE HYDRANCE LIGERA UV SPF 20 40 ML	21,95 €	7
150888	MUÑEQUERA VENTUBEL CORTA T- GDE	1,67 €	1
150990	NEUTROGENA CR PIES ULT HID 100ML	9,95 €	1
151064	PROFIL CONTROL LATEX FREE 5 U	14,95 €	2
151182	BIBERON ANTICOLICO MAM 160 ML	10,95 €	7
151184	BIBERON ANTICOLICO MAM 260 ML	11,50 €	4
151186	TETINA MAM ULTIVENT M-2	8,95 €	5
151192	CHUPETE MINI SILICONA MAM 0- 6 M PACK DOBLE	8,95 €	1
151224	PASTILLERO SEMANAL SP - 4 ORGANIZADOR DE MEDICAM	16,00 €	1
151329	COREGA EXT FTE SIN SABOR 70GR	12,50 €	3
151393	MENALIND ESPUMA DE LIMPIEZA 400 ML	11,19 €	1
151394	MENALIND LOCION CORPORAL 500 ML	11,25 €	1
151396	MENALIND CREMA PROTECTORA 200 ML	9,95 €	1
151398	AUDIMER 60 ML	12,95 €	13
151450	CHUPETE CAUCHO CHICCO PHYSIO ANATOMICO 4 M+ AZUL	7,50 €	1
151468	AVENE COUVRANCE LAPIZ CORRECTOR CEJAS 01 CLARO 1	13,90 €	1
151469	AVENE COUVRANCE LAPIZ CORRECTOR CEJAS 02 OSCURO	13,90 €	1
151492	CLEARBLUE DIGIT TEST EMBAR 1CT	14,95 €	14
151960	ACE ALMEND LOLES FUSTER 250 ML	6,90 €	1
151986	THEALOZ 10 ML	15,95 €	1
152154	SOMATOLINE REDUCTOR NOCH 450ML	49,90 €	4
152332	MUSTELA GEL DERMOLIMPIADOR 200	7,81 €	1
152515	AUDIMER AUDICLEAN 12ML	9,50 €	3
152560	DUREX PLAY LUBRICA CHERRY 50ML	10,50 €	4
152641	UROSENS PAC 120 MG 60 CAPS	20,95 €	19
152643	NARHINEL CONFORT ASPIRAD NAS	14,50 €	2
152676	COREGA TOTAL CR FIJADORA 40 GR	8,95 €	2
152704	NEUTROGENA PIES FOR NOR EXFOLIANTE 75 ML	8,10 €	1
152729	TALQUISTINA POLVO 50G	8,50 €	1
152834	ALGASIV DENTADURA SUPERIOR 30U	12,50 €	3
152836	ALGASIV DENTADURA INFERIOR 30U	12,50 €	5
152975	TIRITAS TELA 100X6 CM	3,00 €	4
152982	HALITA MENTA FORTE SPRAY BUCAL 15 ML	4,95 €	7
152983	TIRITAS TELA SURT 100X6 CM	3,00 €	17
153007	TIRITAS TELA SURT 50X6 CM	2,50 €	1
153015	TIRITAS CLASSIC APOSITO ADHESIVO 19 X 72 20 U	2,50 €	12
153024	CEPILLO DENTAL INTERPROXIMAL INTERPROX MICRO 18	11,95 €	1
153025	CEPILLO DENTAL INTERPROXIMAL INTERPROX MINI 18 U	11,95 €	1
153067	AQUILEA DRENAJE 1.2 G 20 FILTROS	4,50 €	4
153181	KUKIDENT EFEC SELL CR ADH 40GR	8,50 €	5
153335	FISIOCREM 60 ML	8,50 €	40
153336	FISIOCREM CREMA 250 G	21,95 €	27
153509	MOLINEA PLUS 60X90 1 BOLSA 30 UNIDADES	16,95 €	5
154027	MEDIA FARMALASTIC CAB L NO EG	10,30 €	2
154047	CEPILLO VITIS SUAVE	3,95 €	2
154054	CEPILLO VITIS MEDIO	3,95 €	23
154062	CEPILLO VITIS DURO	3,95 €	24
154234	SYSTANE ULTRA GOTAS OFTALMICAS LUBRICANTES 10 ML	9,95 €	1
154354	PHARMATON COMPLEX 30 CAPS	10,95 €	2
154414	CEPILLO DENTAL INTERPROXIMAL INTERPROX PLUS NANO	5,95 €	4
154422	DEDILES LATEX CORYSAN T/3 10 UND.	0,50 €	2
154486	FAJA POST-PARTO CHICCO MAMMY VELCRO SUJECION EXT	33,40 €	1
154653	NATALBEN SUPRA 30 CAPS	16,95 €	1
154684	PORTACHUPETES SUAVINEX DUO	5,90 €	6
154735	BIBERON 0 BPA PP BOCA ANCHA T LATEX 3 POSICIONES	9,00 €	2
154801	MULTILIND MICROPLATA CREMA 75 ML	15,50 €	1
154802	MULTILIND MICROPLATA LOCION 200 ML	14,50 €	1
154854	RECUGEL HIDRATACION S OCULAR 10 G	17,95 €	1
155005	TIRITAS PLASTIC APOSITO ADHESIVO REDONDAS 22 MM	2,95 €	1
155098	NEUTROGENA FOR NOR HIDRAT LOC CORP 400ML	9,90 €	4
155099	NEUTROGENA FOR NOR LOC CORP 750ML	19,95 €	2
155127	LIMA U*AS BETER FIBRA VIDR NG	2,05 €	3
155140	NUTRIBEN DESAYUNO COPOS TRIGO FRUTAS 750	7,50 €	3
155165	PARODONTAX SIN ALCOHOL COLUTORIO 300 ML	6,95 €	2
155414	NEUTROGENA FOR NOR REPAR INT LOC 400ML	9,90 €	1
155491	THIOMUCASE EXTREME AREAS STICK ANTICELULITICO 75	24,95 €	1
155677	BEROCCA BOOST 30 COMP	19,95 €	7
155703	PROTECTOR JUANETES 5º DEDO COMFORSIL SILICONE EL	7,50 €	2
155757	CEPILLO DENTAL INTERPROXIMAL INTERPROX SUPER MIC	5,95 €	13
155815	SEPARADOR COMFORSIL FINO S	5,50 €	1
155816	SEPARADOR COMFORSIL FINO M	5,50 €	2
155869	TETINA SILICONA MAM-3 FLUJO RAPIDO 4+ M	8,95 €	2
155873	SACALECHES MANUAL CON BIBERON MAM	49,95 €	1
155917	COMPEED AMPOLLAS PLANTA DEL PIE 5 U	6,50 €	8
156171	COLLARIN CERVICAL INNOVA FARMALASTIC ADULTOS T-	12,50 €	1
156333	SEPARADEDOS COMFORSIL GRUESO T- MED 2 U CARRETE	4,95 €	3
156354	DUREX PLAY LUBRICANTE FRESA MORANGO 50ML	10,50 €	4
156835	ENVASE ASEPTICO RECOGIDA ORINA 24 H ALVITA 2 L	2,50 €	10
156837	ENVASE ASEPTICO RECOGIDA MUESTRAS ALVITA 120 ML	0,50 €	98
156862	ALVITA ACEITE DE ALMENDRAS DULCES CORPORAL 200 M	3,90 €	2
157079	HERBENSURINA 1.5 G 40 FILTROS	14,95 €	1
157138	VITIS PASTA ALOE VER MANZ100ML	4,75 €	1
157161	VEA OLIO ACEITE BASE TUBO 20 ML	18,35 €	1
157169	ORALDINE ANTISEPTICO 200 ML	5,50 €	1
157346	DR SCHOLL ANTIHONGOS  UÑAS 3.8 ML + 5 LIMAS	23,95 €	2
157444	KLORANE BALSAMO DESENREDANTE CERA DE MAGNOLIA 15	13,95 €	1
157512	MELAGYN TOALLITAS 15 UN	4,50 €	1
157581	MAGNESIO+ POTASIO AQUILEA EFERVESCENTE 14 COMP E	4,95 €	4
157606	CHUPETE SILICONA VENTILADO PHILIPS AVENT 0- 6 M	6,50 €	1
157618	TETINA SILICONA  FLUJO RAPIDO AVENT PHILIPS +6 M	8,80 €	1
157667	ERYPLAST PASTA AL AGUA 75 G 2 U	16,95 €	6
157770	IRALFARIS LOCION QUERATORREGULADORA 500 ML	29,95 €	1
157912	BANDA CON ALMOHADILLA COMFORSIL SILICONA ELASTIC	14,95 €	1
157930	TUBO PROTECTOR DEDOS S INTERIOR GEL TEJ MES	9,95 €	8
158022	AUDISPRAY 50 ML	12,95 €	1
158156	ALVITA POVIDONA YODADA 10% 50 ML	2,95 €	23
158171	CEPILLO DENTAL INTERPROXIMAL INTERPROX PLUS X-MA	5,60 €	1
158241	KUKIDENT COMPLETE CLASICO 70 G	11,95 €	2
158242	KUKIDENT COMPLETE CLASICO 47 G	8,50 €	9
158243	KUKIDENT COMPLETE NEUTRO 70 G	11,95 €	11
158244	KUKIDENT COMPLETE NEUTRO 47 G	8,50 €	3
158392	 LADIVAL FACIAL FPS 50 GEL CREMA	17,50 €	5
158474	DUREX PLAY MASSAGE SENSUAL LUBRICANTE HIDROSOLUB	14,50 €	5
158655	TALQUISTINA CREMA 50 ML	7,95 €	8
158737	FLUOCARIL BI-FLUORE COLUTORIO CON FLUOR PACK 500	8,95 €	1
158738	PAROGENCYL CONTROL COLUT 2X500	11,95 €	1
159044	PHB TOTAL PLUS ENJUAGUE BUCAL 500 ML	5,95 €	13
159070	CODERA BANDA EPICONDILITIS FARMALASTIC NEOPRENO	13,50 €	1
159078	DEXERYL CREMA PROTECCION CUTANEA DUCRAY 500 ML	16,95 €	1
159087	PERIO KIN GEL CLORHEXID 0,20%	7,50 €	1
159260	AVENE ANTI-ROJECES DIA EMULSION HIDRATANTE PROTE	20,95 €	2
159270	CEPILLO LACER INTER ULT ANG 6U	5,95 €	1
159386	EUCERIN AQUAPHOR PDA REP 40 G	12,95 €	3
159448	VAGINESIL GEL HIDRATANTE VAGINAL 50 G	13,50 €	4
159532	BIBERON 0 BPA PP BOCA ANCHA T LATEX ANATOMICA SU	8,90 €	2
159537	BROCHE DE PINZA SUAVINEX JEWEL ROSA	6,95 €	1
159560	SERENIA 30 CAPS	7,50 €	1
159589	ROC ANTICELULITICO MICROACTIVO 150 ML 2 U	41,00 €	2
159744	NEUTROGENA PIES CREMA ULTRAHIDRATANTE 100 ML + 1	13,95 €	9
159793	MORDEX 10 ML	17,95 €	1
159906	KLORANE CHAMPU ORTIGA BL 400ML	14,95 €	3
159963	OTC ANTIPIOJOS ACONDICIONADOR DESPRENDE LIENDRES	8,50 €	1
160289	TENA LADY COMPRESA SUPER 30 UN	13,98 €	1
160351	AQUILEA KIDS APETITO 150 ML	9,90 €	2
160426	MITOSYL POMADA PROTECTORA 65 G	7,95 €	16
160427	MITOSYL POMADA PROTECTORA 145 G	15,95 €	6
160683	RHINOMER F-1 NEBULIZADOR 180ML	10,95 €	5
160684	RHINOMER F-2 LIMPIEZA NASAL NEBULIZADOR 180 ML	10,50 €	4
160685	RHINOMER F-3 FTE 180ML	10,95 €	4
160686	NARHINEL CONFORT ASPIRADOR RECAMBIO 20 BLANDO DE	11,50 €	2
160773	ESTILA TOALLITAS ESTERILES DE UN SOLO USO HIGIEN	9,95 €	1
160774	ESTILA 30 TOALLITAS	19,95 €	1
161171	AREDSAN 77.87 G 60 CAPS	37,50 €	1
161317	IMUNOGLUKAN 120 ML	22,95 €	1
161342	MEDICOMP COMPRESAS NON WOVEN APOSITO ESTERIL 10	7,95 €	3
161449	VITAFLOR JALEA REAL MEGA VITAL 200 ML 20 AMP	17,95 €	1
161450	VITAFLOR ENERGIA 20 VIALES	16,95 €	1
161451	VITAFLOR JALEA REAL DEFENSAS 200 ML 20 AMP	16,95 €	8
161581	AVENE LOCION MICELAR 400 ML	10,90 €	6
161585	SYSTANE BALANCE GOTAS OFTALMICAS LUBRICANTES 10	17,95 €	10
161614	CEPILLO DENTAL INTERPROXIMAL INTERPROX PLUS XX-M	5,55 €	1
161647	MANASUL CLASSIC 10 FILTROS	2,50 €	1
161648	MANASUL CLASSIC 25 FILTROS	4,75 €	4
161649	MANASUL CLASSIC 50 FILTROS	7,95 €	2
161650	MANASUL CLASSIC 100 FILTROS	13,50 €	2
161843	CALMOR BOLSA FRIO/CALOR BOLSA 12 X 29 REUTILIZAB	10,50 €	4
161880	KUKIDENT PRO DOBLE ACCION CREMA ADHESIVA PARA DE	8,50 €	2
161960	TIRAS REACTIVAS GLUCEMIA CONTOUR NEXT 25 U	22,95 €	1
161984	TALONERA ESPOLON ORIF DESPLAZAB COMFORSIL S	13,95 €	1
161992	TALONERAS ESPOLON ORIF DESPLAZAB COMFORSIL L	13,95 €	1
162032	TALONERAS CALZOLETA ESPOLON COMFORSIL G	16,95 €	1
162049	VASELINA LIQUIDA LOLES FUSTER 250 ML	4,95 €	1
162060	VASELINA LIQUIDA LOLES FUSTER 1000 ML	9,95 €	1
162097	CHUPETE TETINA SILICONA SUAVINEX PREMIUM FISIOLO	5,50 €	1
162098	CHUPETE SILICONA T SUAVINEX PREMIUM FISIOLOGICO	6,95 €	1
162486	BICARBONATO SODICO CINFA ALLIANCE 200 G	3,95 €	16
162618	LADIVAL NIÑOS FOTOPROTECTOR FPS 50/ AFTER SUN PA	20,95 €	1
162640	PROPOLAID PASTILLA BLANDA EUCALIPTUS 50 G	5,00 €	19
162641	PROPOLAID PASTILLA BLANDA MIEL 50 G	5,00 €	1
162642	PROPOLAID PASTILLA LIMON	5,00 €	4
162821	MUSTELA 9 MESES ANTIESTRIAS DOBLE ACCION 150 ML	29,95 €	2
162852	AVENE ANTIROUGEURS CALM MASCARILLA CALMANTE 50 M	20,95 €	2
162884	MERITENE DRINK 125 ML 4 BOTELLAS VAINILLA	10,95 €	3
162918	COMPEED AMPOLLAS HIDROCOLOIDE T- MED 10 U	11,95 €	6
162921	COMPEED AMPOLLAS HIDROCOLOIDE SURTIDO 5 U	6,95 €	8
162969	MUSTELA POST-PARTO REESTRUCTURANTE CORPORAL DUPL	38,95 €	2
163004	TUBO PROTECTOR DEDOS G INTERIOR GEL	10,95 €	1
163262	ALIVIOLAS BIO TISANA 20 FILTROS	8,50 €	1
163346	ESPARADRAPO HIPOALERGICO OMNIPLAST TEJIDO RESIST	2,00 €	8
163347	ESPAR HIPO OMNIPLAST TEJIDO CARNE 2.5X5	2,50 €	18
163348	ESPARADRAPO HIPO BEIGE OMNIPLAST TEJIDO 5X5	2,95 €	7
163350	ESPARADRAPO HIPOALERGICO OMNIPOR DE PAPEL 5 M X	2,95 €	3
163428	DUCRAY CHAMPU SQUANORM 200ML	18,95 €	3
163493	PERIO AID GEL DENTAL 75 ML	8,95 €	8
163579	GRAGEAS HERBALES DE VALERIANA 60 GRAGEAS	7,95 €	13
163608	HALIBUT POMADA REGENERADORA 45 G	7,95 €	4
163666	GRINTUSS JARABE ADULTOS (NUEVO) 210 G	13,50 €	2
163668	GRINTUSS JARABE PEDIATRIC (NUEVO) 210 G	13,50 €	1
163860	VITIS BLANQUEADORA PASTA DENTIFRICA 100 ML	8,50 €	4
163948	KLORANE BEBE LECHE HIDRATANTE 500 ML	12,95 €	1
164020	BEXIDENT DIENT SENS PASTA 75ML	8,50 €	1
164158	CHUPETE SILICONA MAM NIGHT 0- 6 M 2 U +CAJA ESTE	8,95 €	2
164328	FISIOGEN FERRO FORTE 30 CAPS	26,95 €	1
164513	MEDELA BIBERON CALMA 150 ML	18,04 €	1
164624	JGA-AGJ ICO INS 1ML 100UI 16/5	0,50 €	4
164679	TAPONES 3M AQUAFIT JU PHA PACK	6,90 €	2
164705	LIPOGRASIL COMP RECUBIERTOS 50 COMP	12,95 €	2
164707	JGA ICO INS 1ML 100UI	0,35 €	4
164714	ESPAR HIPO OMNIPLAST TEJIDO BLANCO 2.5X5	2,50 €	12
164715	BLEVIT L 150 G	9,50 €	1
164718	ESPARADRAPO HIPOALERGICO OMNIPOR DE PAPEL 5 M X	2,50 €	22
164747	BIO - OIL 60 ML	11,95 €	7
164759	VALERIANA KNEIPP FORTE 15 GRAG	6,95 €	5
164760	AINARA GEL HIDRAT VAGINAL 30 G	13,95 €	1
164815	CEPILLO DENTAL ADULTO ORAL-B GAMA PROFESIONAL LI	4,95 €	1
165125	AGUJA PARA PLUMAS ESTERIL BD 31 G (0.25 MM X 5 M	21,95 €	1
165210	BICARBONATO BETAFAR 200 G	2,50 €	3
165240	NUTRIBEN 8 CEREALES 600 GR	5,20 €	2
165253	OFTAN MACULA OMEGA 90 CAPS	39,95 €	1
165269	RODILLERA ANATOMICA TRAUMA PLUS BEIGE T- PEQ	12,32 €	1
165271	RODILLERA ANATOMICA TRAUMA PLUS BEIGE T- GDE	9,91 €	1
165277	MUÑEQUERA TRAUMA PLUS FERULA PALMAR IZDA BEIGE T	18,30 €	1
165279	MUÑEQUERA TRAUMA PLUS FERULA PALMAR DCHA BEIGE T	18,30 €	1
165280	TOBILLERA CON PUNTERA TRAUMA PLUS T- PEQ	7,18 €	1
165284	TOBILLERA CON PUNTERA TRAUMA PLUS T- EGDE	8,93 €	1
165300	VITIS ORTHODONTIC PASTA DENTIFRICA Y COLUTORIO P	15,95 €	4
165379	KUKIDENT PRO DOBLE ACCION CREMA ADHESIVA PARA DE	11,95 €	1
165677	MUÑEQUERA TRAUMA PLUS FERULA PALMAR DCHA BEIGE T	14,95 €	1
165715	SYSTANE ULTRA UD GOTAS OFTALMICAS LUBRICANTES 30	10,95 €	7
165716	SYSTANE GEL DROPS OFTALMICAS LUBRICANTES 10 ML	14,95 €	4
165773	CHELINO FASHION & LOVE PAÑAL INFANTIL T- 2 (3 -	5,95 €	1
165774	PAÑAL INFANTIL CHELINO FASHION & LOVE T- 3 (4 -	6,95 €	1
165775	PAÑAL INFANTIL CHELINO FASH & LOVE T- 4 (9 15	6,95 €	3
165776	PAÑAL INFANTIL CHELINO FASHION & LOVE T- 5 (13 -	7,50 €	1
165794	ORAL-B PRO EXPERT MULTI PROTECCION PASTA DENTAL	5,95 €	24
165822	MIMOS COJIN T - XL	68,00 €	1
165828	CARMEX MOISTURE PLUS BERRY 2 G	5,95 €	1
165891	HYLO COMOD 10 ML	17,50 €	1
166221	RELIVE VISCO ESTERIL GOTAS OFTALMICAS 0.4 ML 30	6,95 €	17
166222	RELIVE ISO ESTERIL 0.4 ML 30 MONODOSIS	6,95 €	17
166292	VITIS ALOE VERA PASTA DENTIFRICA MENTA 150 ML 2	9,95 €	11
166293	VITIS ENCIAS PASTA DENTIFRICA 150 ML 2 U	14,50 €	20
166295	DESENSIN PLUS PACK PASTA DENTAL 150 ML 2 U	13,95 €	1
166420	NUTIRA FORTE 30 CAPS	17,50 €	1
166425	DUREX PLAY ETERNAL 50 ML	10,50 €	1
166538	PERIO AID COLU TRATAMIENTO 500ML	9,90 €	19
166685	GOLPIX ROLL ON 15 ML	7,50 €	8
166701	THEALOZ DUO 10 ML	17,90 €	1
166707	SANDOZ BIENESTAR ISOFLAVONAS 30 COMP	15,95 €	2
166764	RELEC EXTRA FUERTE 50% SPRAY REPELENTE 75 ML	10,95 €	30
166788	NEUTROGENA FOR NOR LOC CORP 750ML+750ML	26,95 €	1
166801	FLUOR KIN ENJUAGUE INFANTIL	9,50 €	1
166831	KLORANE BALSAMO DESPUES CHAMPU FIBRAS DE LINO 20	13,95 €	2
166866	AQUILEA MELATONINA 1.95 MG 60 COMP	12,95 €	1
166911	HERBENSURINA RENAL 30 COMP	17,75 €	1
167318	LACTOFLORA PROTECTOR INTIMO 20 CAPSULAS	14,95 €	11
167329	MELAGYN JUNIOR 200 ML	9,95 €	4
167509	KIN CEPILLO VIAJE + PASTA 25ML	4,95 €	4
167815	VITAFLOR JALEA REAL KIDS 10 ML 20 AMP	14,95 €	1
167821	FUNSOL POLVO 60 G	8,95 €	1
168033	RELEC FUERTE SENSITIVE SPRAY REPELENTE MOSQUITOS	10,95 €	3
168178	OFTAN MACULA 90 CAPS	31,95 €	1
168212	ALCOHOL DE ROMERO APOSAN 250 ML	2,50 €	6
168221	APOSAN SOLUCION ACUOSA EUCALIPTO HUMIDIFICADOR 1	5,00 €	1
168275	CHELINO FASHION & LOVE TOALLITAS INFANTILES 20 T	0,70 €	15
168276	CHELINO FASHION & LOVE TOALLITAS INFANTILES 60 T	1,50 €	8
168323	INTIMINA COPA MENSTRUAL T- A	27,95 €	1
168324	INTIMINA COPA MENSTRUAL T- B	27,95 €	1
168411	VASO DE INICIACION MAM STARTER CUP 150 ML	9,95 €	4
168427	AVENE CICALFATE CR REPAR 40 ML	10,95 €	15
168447	MOLUSK SOLUCION CUTANEA 3 G	20,95 €	1
168485	FUCA ALOE 30 COMP	6,95 €	1
168556	STADA SUERO FISIOLOGICO 5 ML 30 MONODOSIS	4,95 €	22
168593	SANDOZ BIENESTAR ARTICULACIONES 30 CAPS	16,95 €	3
168594	VITIS BLANQUEADORA COLUTORIO 500 ML	11,50 €	4
168597	SANDOZ BIENESTAR MEMORIA 30CAP	14,95 €	3
168598	SANDOZ BIENESTAR DETOX 30 CAPS	12,95 €	1
168680	URGO AFTAS SPRAY 15 ML	12,50 €	6
168944	MAGNESIO AQUILEA EFERVESCENTE 300 MG 28 COMP EFE	7,50 €	3
169016	SUPRADYN ACTIVO 90 + 30 COMP PACK 3 MESES	26,95 €	2
169051	AVENE EMULSION COLOREADA SPF-50+ MUY ALTA PROTEC	16,90 €	21
169095	NUTRIBEN CONTINUACION 800 G	16,50 €	6
169307	NEUTROGENA CREMA DE MANOS RAPIDA ABSORCION 75 ML	11,95 €	9
169383	AERO CHAMBER INHALADOR STAND	21,95 €	1
169450	SYSTANE TOALLITAS 30 UD	11,50 €	11
169480	VENDA MALLA LUSAN 10X10	2,44 €	1
169521	SEPTOMIDA SPRAY 50 ML	8,72 €	1
169526	TAZA ANTIDERRAME SUAVINEX + 4 MESES	8,00 €	2
169531	SOLURRINOL NEO SOLUCION TOPICA 250 ML	7,50 €	1
169533	TAPONOTO NEO SOLUCION LIMPIEZA OIDOS 25 ML	11,95 €	1
169568	NEUTROGENA FORMULA NORUEGA PIES CREMA ABSORCION	13,95 €	4
169569	LADIVAL FLUIDO HIDRATANTE VERANO 500ML	15,50 €	3
169769	PIZ BUIN ALLERGY FPS - 15 PROTECCION MEDIA SPRAY	14,42 €	1
169803	TH PHARMA VITALIA TREATMENT CREMA FACIAL HIDRATA	5,99 €	12
169804	TH PHARMA VITALIA  6.65 RUBIO OSCURO ROJO CAOBA	5,25 €	2
169809	TH PHARMA VITALIA SIN AMONI  6 RUBIO OSCURO	5,25 €	4
169810	TH PHARMA VITALIA SIN AMONIACO COLORACION  6.31	5,25 €	1
169811	TH PHARMA VITALIA SIN AMONIACO COLORACION 6.13	5,25 €	3
169812	TH PHARMA VITALIA SIN AMONIACO COLORACION 5	5,25 €	2
169814	TH PHARMA VITALIA SIN AMONIACO COLORACION 5.57	5,25 €	1
169815	TH PHARMA VITALIA SIN AMONIACO COLORACION 5.34	5,25 €	1
169816	TH PHARMA VITALIA SIN AMONIACO COLORACION  5.1	5,25 €	3
169817	TH PHARMA VITALIA SIN AMONIACO COLORACION 4	5,25 €	2
169818	TH PHARMA VITALIA SIN AMONIACO COLORACION 1	5,25 €	1
169819	TH PHARMA VITALIA   7.1 RUBIO MEDIO CENIZA	5,25 €	1
169820	TH PHARMA VITALIA  7.03 RUBIO MEDIO NATURAL DORA	5,25 €	1
169822	TH PHARMA VITALIA 7.23 RUBIO MEDIO PERLA DORAD	5,25 €	1
169823	TH PHARMA VITALIA  7.46 RUBIO MEDIO ACOBRADO ROJ	5,25 €	2
169824	TH PHARMA VITALIA SIN AMONIACO  7 RUBIO MEDIO	5,25 €	3
169825	TH PHARMA VITALIA SIN AMONIACO  8 RUBIO CLARO	5,25 €	5
169826	TH PHARMA VITALIA SIN AMONIACO COLORACION  9	5,25 €	2
169827	TH PHARMA VITALIA SIN AMONIACO COLORACION 10	5,25 €	2
169884	OPTAVA FUSION 10 ML	19,95 €	2
169905	PARANIX SPRAY 100 ML	15,95 €	1
170049	AFTER BITE ORIGINAL 14 ML	8,50 €	3
170091	SANDOZ BIENESTAR BIFIDUS MONODOSIS 10 SOBRES	9,95 €	1
170178	AVENE HYDRANCE OPTIMALE SERUM HIDRATANTE 30 ML	30,95 €	3
170184	BIBERON VIDRIO BOCA ANCHA TETINA REDONDA SUAVINE	10,65 €	2
170226	PIZ BUIN FPS -15 ULTRA LIGHT DRY TOUCH PROTECCIO	12,31 €	1
170227	PIZ BUIN FPS -15 ULTRA LIGHT DRY TOUCH PROTECCIO	13,85 €	1
170639	VICHY DESOD PIEL SENS ROLL ON	10,90 €	1
170668	CORRECTOR DOBLE JUANETES Y PLANTAR FARMALASTIC M	29,95 €	1
170670	TENA LADY DISCREET SLIP ULTRA MINI 28U	4,51 €	11
170737	MAM HEAT SENSITIVE SPOON & COVER MAM CUCHARA CON	10,95 €	4
170797	DUCRAY ELUCION CHAMPU DERMOPROTECTOR USO FRECUEN	15,95 €	11
171084	COLONIA Nº 01 150 ML	9,95 €	1
171085	COLONIA Nº 02 150 ML	9,95 €	1
171088	COLONIA Nº 5 150 ML	9,95 €	1
171089	COLONIA Nº 6 150 ML	9,95 €	1
171092	COLONIA Nº 8 150 ML	9,95 €	1
171094	COLONIA Nº 10 150 ML	9,95 €	1
171095	COLONIA Nº 11 150 ML	9,95 €	1
171096	COLONIA  Nº 12 150 ML	9,95 €	1
171097	COLONIA Nº 43 150 ML (ANTIGUO 13)	9,95 €	3
171098	COLONIA Nº 15 150 ML	9,95 €	2
171099	COLONIA Nº 14 150 ML	9,95 €	2
171100	IAP PHARMA POUR FEMME Nº 16 150 ML	9,95 €	1
171102	COLONIA Nº 48 150 ML (ANTIGUO 18)	9,95 €	1
171103	COLONIA Nº 19 150 ML	9,95 €	3
171104	COLONIA Nº 70 150 ML (ANTIGUO 50)	9,95 €	2
171105	COLONIA Nº 51 150 ML	9,95 €	2
171106	COLONIA Nº 52 150 ML	9,95 €	2
171107	COLONIA Nº 53 150 ML	9,95 €	1
171110	COLONIA Nº 55 150 ML	9,95 €	1
171112	COLONIA Nº 57 150 ML	9,95 €	3
171113	COLONIA Nº 58 150 ML	9,95 €	1
171114	COLONIA Nº 69 150 ML (ANTIGUA 59)	9,95 €	7
171115	COLONIA Nº 60 150 ML	9,95 €	2
171144	AQUILEA SUEÑO GOTAS 30 ML	13,95 €	5
171170	DUCRAY EQUILIBRANTE USO FRECUENTE CHAMPU DERMOPR	18,00 €	1
171184	NEURALEX CAPS DE GELATINA BLANDA 60 CAPS	15,95 €	1
171320	MOSKIDS PARCHES 12 PARCHES	9,90 €	6
171325	XILIN NIGHT MULTIDOSIS UNGUENTO OFTALMICO LUBRIC	14,50 €	1
171363	LUBRISTIL SOLUCION OFTALMICA 20 MONODOSIS 0.3 ML	15,50 €	1
171386	AQUILEA SUEÑO 1.95 30 COMPRIMIDOS	10,95 €	14
171456	PLANTILLAS ANTIOLOR DEVOR OLOR SLIM SOLES ULTRA	8,75 €	2
171514	GLUCOMETRO GLUCOSA EN SANGRE CONTOUR MEDIDOR	39,95 €	2
171681	BEROCCA PERFORMANCE 30 COMP	13,95 €	1
171691	COLONIA Nº 20 150 ML	9,95 €	2
171692	COLONIA Nº 21 150 ML	9,95 €	2
171693	COLONIA Nº 22 150 ML	9,95 €	2
171695	COLONIA Nº 23 150 ML	9,95 €	1
171698	COLONIA Nº 26 150 ML	9,95 €	2
171699	COLONIA Nº 27 150 ML	9,95 €	1
171700	COLONIA Nº 28 150 ML	9,95 €	1
171706	COSMOPOR STERIL APOSITO ESTERIL 7.2 CM X  5 CM	3,20 €	6
171714	ORALDINE ANTISEPTICO PACK 400 ML +200 ML	7,95 €	30
171729	LACTACYD INTIMO GEL SUAVE PACK 200 ML 2 U	12,95 €	1
171756	INTIMINA COPA MENSTRUAL COMPACT T- A	27,95 €	1
171757	INTIMINA COPA MENSTRUAL COMPACT T- B	27,95 €	1
172132	SANDOZ BIENESTAR MAGNESIO 30 SOBRES	9,95 €	2
172176	CHUPETE SILICONA MAM NIGHT 6+ M 2 U +CAJA ESTERI	8,95 €	4
172218	CHUPETE SILICONA PHILIPS AVENT I LOVE SPAIN 6 -	5,60 €	1
172297	DUREX SENSILUBE MONDOS 6X5 ML	12,50 €	2
172554	PHARMA KIDS EAU DE TOILETTE 100 ML	7,50 €	4
172790	SANDOZ BIENESTAR SIMETICONA ALIVIO DE LOS GASES	5,95 €	1
172796	CEPILLO INTERPROXIMAL INTERPROX NANO 6 CEPILLOS	5,95 €	4
172877	CALMOR THERM EFECTO FRIO 100 ML	10,50 €	1
172892	SOMATOLINE COS DEO HOM P/SEN ROLLON 50X2	9,99 €	1
172897	DUREX REAL FEEL PRESERVATIVO SIN LATEX 12 U	11,95 €	2
172927	SALVELOX MED WART PLASTER VERRUGAS APOSITO ADHES	6,20 €	1
173015	AVENE CLEANANCE SOLAR SPF 50+ MUY ALTA PROTEC 50	16,90 €	8
173042	DUREX NATURAL PLUS DUPLO 12 PRESERVATIVO	13,95 €	11
173100	VALERIANA FORTE 30 GRAGEAS	10,95 €	11
173111	MORDEDOR C/ REFRIGERANTE DE AGUA Y JUEGO MAM BIT	10,95 €	6
173210	COLONIA  Nº 30 150 ML	9,95 €	3
173212	COLONIA Nº 71 150 ML (ANTIGUA 61)	9,95 €	5
173265	SANAFLOR MAST LAX BOTE 75 G	4,95 €	1
173346	BIBERON PP BOCA ANCHA T SILICONA SUAVINEX PREMIU	10,90 €	1
173415	MITOSYL POMADA PROTECTORA 65 G 2 TUBOS	12,95 €	14
173561	 EVAX COTTONLIKE NORMAL CON ALAS 16 COMPRESAS	2,75 €	6
173754	ORTOSIFON ARKOCAPS 100 CAPSULAS	16,50 €	1
173784	LADIVAL PIEL SENSIBLE O ALERGICA FPS 50+GEL CREM	17,95 €	2
173812	PIZ BUIN INSTANT GLOW SPRAY PIEL LUMINOSA SPF 15	16,75 €	1
174023	LACER BEBE BALSAMO P DIENTES50	6,95 €	2
174030	XILIN HA 10 ML	11,90 €	1
174112	NEUTROGENA VISIBLY RENEW LOCION CORPORAL ELASTIC	19,95 €	5
174189	AQUORAL GOTAS OFTALMICAS LUBRICANTES ESTERIL AC	12,50 €	3
174207	AQUILEA ARTINOVA COMPLEX CON MAGNESIO 375 GRAMOS	19,95 €	2
174339	DR SCHOLL VELVET SMOOTH LIMA ELECTRONICA TALON	39,50 €	4
174340	DR SCHOLL LIMA ELECTRONICA DUREZAS PERSISTENTES	16,30 €	1
174341	DR SCHOLL LIMA ELECTRONICA DUREZAS PERSISTENTES	16,30 €	2
174450	I WHITE 2 INSTANT MOLDE DENTAL PRECARGADO 10 MOL	33,95 €	2
174661	NEOSITRIN PROTECT SPRAY 100 ML	9,95 €	2
174894	CHUPETE CHICC SF ANA SOFT 0+2U	5,50 €	1
174925	XLS MAX STRENGH 120 COMP	79,99 €	2
175076	COLON CLEANSE LAX FORTE 30 TABLETAS	13,95 €	6
175180	SUAVINEX EXTRACTOR ELECTR LINK	95,00 €	2
175265	SABANINDAS 60X60 20 UN MD	10,95 €	1
175312	PROTEXTREN FPS30 SUN&SLIM 200	19,99 €	5
175578	SYSTANE HIDRATACION GOTAS OFTALMICAS LUBRICANTES	13,95 €	1
175697	SYSTANE HIDRATACION UD 30MONOD	14,95 €	8
175767	BELLA AURORA DOBLE FUERZA CREMA ANTIMANCHAS 30 M	10,95 €	1
175871	MELAGYN HIDRATANTE VAGINAL TUBO GEL + APLICADOR	13,95 €	3
175993	AVENE PHYSIOLIFT OJOS ARRUGAS BOLSAS Y OJERAS 15	29,95 €	2
176024	INTERPROX 6 CEPILLOS MAXI	4,50 €	1
176067	MEDIA FARMAL NOR LARG BLON GR	25,75 €	1
176068	MEDIA FARMAL NOR LARG BLON XGR	21,14 €	1
176069	MEDIA FARMAL NOR LARG BLON REI	20,09 €	1
176115	DESENSIN PLUS PASTA 125 ML	7,50 €	1
176196	ESP LEUKOPLA BL 2,5X5 4581100	3,95 €	1
176212	OMNISTRIP 6*76 MM 6 TIRAS	3,95 €	1
176302	PROTECTOR DE CAMA SABANINDAS ABSORBENTE EXTRA 60	13,95 €	1
176304	ARTIMUS C FORTE 20 SOBRES	25,95 €	1
176405	PARAFINA REHAB2X400 GR REFG211	17,95 €	1
176481	IAP PHARMA POUR FEMME Nº 2 30 ML	3,95 €	4
176521	IAP PHARMA POUR FEMME Nº 21 30 ML	3,95 €	2
176536	IAP PHARMA POUR HOMME Nº 71 30 ML	3,95 €	5
176612	MASCARILLA DE SILICONA PEDIATRICS SALUD 0-18 MES	17,95 €	1
176613	MASCARILLA DE SILICONA PEDIATRICS SALUD 18 MESES	17,95 €	1
176621	GINECANESBALANCE GEL VAGINAL 7 TUBOS 5 ML	18,95 €	1
176768	COMPEED APOS CALLOS ENTRE DEDO	5,50 €	8
176771	GUM SOFT PICKS ADVANCED 30 UN	7,75 €	1
176782	BOOTS LABORATORIES SERUM7 CORRECTOR ANTIMANCHAS	21,00 €	3
176911	CHUPETE SILICONA MAM ORIGINAL 16+ M 2 U +CAJA ES	8,95 €	2
177161	TOALLITAS OFTALMICAS EST STADA 30 UNID	11,95 €	5
177210	SOLUCION OFTALMICA STADA HIDRATANTE 10 ML	6,95 €	7
177240	ALVITA FAJA ABDOMINAL AJUST T2	22,50 €	1
177241	ALVITA FAJA ABDOMINAL AJUST T3	22,00 €	1
177243	ALVITA FAJA LUMBAR AJUSTA   T2	23,50 €	1
177244	ALVITA FAJA LUMBAR AJUSTA   T3	23,50 €	2
177245	ALVITA MU\EQUE METACAR AJUS T1	12,95 €	2
177247	ALVITA MU\EQUE METACAR AJUS T2	12,95 €	1
177249	ALVITA MU\EQUE METAPUL AJUS T1	13,95 €	1
177250	ALVITA MU\EQUE METAPUL AJUS T2	12,95 €	4
177251	ALVITA RODILLERA UNIVER AJUSTA	17,95 €	2
177252	ALVITA TOBILLERA AJUSTABLE T1	8,95 €	3
177254	ALVITA TOBILLERA AJUSTABLE T2	8,95 €	3
177255	ALVITA TOBILLERA AJUSTABLE T3	9,95 €	2
177311	PERIO AID COLUTORIO 150 ML	5,95 €	11
177313	XAMPIO PEINE ANTIPIOJOS LENDRERA ACERO INOXIDABL	11,95 €	5
177468	NEOSITRIN 100% SPRAY + PROTECT	23,95 €	5
177699	ODM 5 ANTIEDEMICO CORNEAL SOLUCION OFTALMICA HIP	16,95 €	1
177709	COMPEED APOSITOS JUANETES 5 U	5,50 €	4
177839	PEZONERA SILICONA MAM NIPPLE SHIELDS 2 U T- PEQ	9,95 €	3
177878	COLETERO ANTI PIOJOS	9,95 €	9
178136	SCHOLL PLANTILLA ZAPAT ABIERTO	12,95 €	2
178150	LIQUIFILM LAGRIMAS COLI	5,95 €	1
178198	FILME NASALE ACEITE NASAL 20ML	15,95 €	1
178223	SCHOLL VELVET LIMA ROSA	39,50 €	2
178247	SOMATOLINE SPRAY REDUCTOR 200	39,95 €	1
178297	ESP OMNIFIX ELAS 10CMX5M TIJER	9,95 €	2
178298	ESP OMNIFIX ELASTICO 5CMX5M	4,50 €	4
178299	ESPARADRAPO OMNIFIX 10 CM X 2 M	3,50 €	1
178310	VIGANTOLETTEN STICKS 30 SOBRES	11,95 €	1
178465	ZIVEREL 20 SOBRES 10 ML	20,50 €	1
178485	LAURENS ESMALTE DE UÑAS 11 ML MAGENTA	6,95 €	2
178486	LAURENS ESMALTE DE UÑAS 11 ML ROYAL RUBY	6,95 €	2
178489	LAURENS ESMALTE DE UÑAS 11 ML LAGOON	6,95 €	1
178493	LAURENS ESMALTE DE UÑAS 11 ML FROST WHITE	6,95 €	3
178494	LAURENS ESMALTE DE UÑAS 11 ML DUSTY ROSE	6,95 €	3
178495	LAURENS ESMALTE DE UÑAS 11 ML BALLERINA PINK	6,95 €	3
178497	LAURENS ESMALTE DE UÑAS 11 ML NOMAD SUEDE	6,95 €	3
178498	LAURENS ESMALTE DE UÑAS 11 ML ROSEWOOD	6,95 €	2
178499	LAURENS ESMALTE DE UÑAS 11 ML AMETYST	6,95 €	1
178500	LAURENS ESMALTE DE UÑAS 11 ML CHIFFON PEONY	6,95 €	2
178501	LAURENS ESMALTE DE UÑAS 11 ML MAHOGANY	6,95 €	3
178502	LAURENS ESMALTE DE UÑAS 11 ML DAHLIA BLOSSOM	6,95 €	2
178503	LAURENS ESMALTE DE UÑAS 11 ML CARMINE	6,95 €	3
178504	LAURENS ESMALTE DE UÑAS 11 ML CRIMSON CHERRY	6,95 €	3
178505	LAURENS ESMALTE DE UÑAS 11 ML BURGUNDY	6,95 €	2
178506	LAURENS ESMALTE DE UÑAS 11 ML BULL BLOOD	6,95 €	3
178507	LAURENS ESMALTE DE UÑAS 11 ML ORANGE CLAY	6,95 €	3
178518	LAURENS ESMALTE DE UÑAS 11 ML COAL	6,95 €	3
178522	LAURENS ESMALTE DE UÑAS 11 ML ROSE SMOKE	6,95 €	2
178523	LAURENS ESMALTE DE UÑAS 11 ML SUBTLE ORCHID	6,95 €	3
178524	LAURENS ESMALTE DE UÑAS 11 ML RUSTIC WINE	6,95 €	3
178526	LAURENS ESMALTE DE UÑAS 11 ML MIDNIGHT SKY	6,95 €	3
178529	LAURENS ESMALTE DE UÑAS 11 ML NUDE	6,95 €	2
178575	SCHOLL VELVET LIMA WET & DRY	56,95 €	1
178576	SCHOLL VELVET REC WET & DRY	19,50 €	2
178577	SCHOLL VELVET LIMA U\AS	39,50 €	7
178578	SCHOLL VELVET LIMA U\AS RECAMB	9,50 €	2
178580	DUREX ANILLO PLACER	6,90 €	1
178681	CINTA DENTAL VITIS FLUOR MENTA	4,95 €	11
178687	FLAVIA NOCTA 30 CAPS	18,50 €	1
178690	APOSAN HUMIDIFICADOR ULTRASONICO	39,95 €	1
178756	PASTILLERO SEMANAL DOSIFARMA	19,80 €	1
178773	AQUILEA SUEÑO 1.95 MG 60 COMPRIMIDOS	16,95 €	14
178776	BARRA LABIAL HIDRAT CAMALEON N¦1 AMAR 4G	7,90 €	2
178777	BARRA LABIAL HIDRAT CAMALEON N¦4 GRIS 4G	7,90 €	5
178796	TAMPAX PEARL TAMPON 100%ALGODON SUPER PLUS 24 U	4,50 €	8
178803	TAMPAX COMPAK PEARL TAMPON 100%ALGODON SUPER 18	4,35 €	2
178804	TAMPAX COMPAK PEARL TAMPON 100%ALGODON REGULAR 1	4,35 €	6
179072	REUTERI GOTAS 10 ML	19,95 €	1
179148	EUPEPTIN KIDS POLVO 65 G	14,95 €	1
179168	FARMATINT 5N CASTA*O CLARO	11,06 €	1
179194	CEPILLO VITIS REC SON S10/20ME	15,95 €	1
179197	NATUSAN POMADA PROTECTORA 75ML	8,50 €	1
179200	FARMATINT 1N NEGRO	11,00 €	1
179482	AFTAMED GEL ORAL 15 ML	9,95 €	7
179484	AFTAMED COLUTORIO 150 ML	12,95 €	5
179682	AVENE CLEANANCE GEL LIMPIADOR 400 ML	16,90 €	12
179997	COLONIA Nº 33 150ML	9,95 €	2
179998	COLONIA Nº 63 150ML	9,95 €	1
180465	GRINTUSS JARABE CON POLIRESIN PEDIATRIC 180 ML	12,50 €	15
180466	GRINTUSS JARABE CON POLIRESIN ADULTOS 180 ML	12,50 €	3
180793	LINOVERA PULVERIZADOR 30 ML	19,95 €	1
180830	NUTRIBEN INNOVA 1 800 G	23,50 €	4
180969	AQUILEA MUCUS COMP EFERVESCENTES 15 COMP	7,50 €	5
180972	KLORANE CHAMPU SECO AL EXTO DE ORTIGA CASTAÑO O	11,95 €	2
181030	CLEARBLUE EARLY PRUEBA DETECCION TEMPRANA TEST D	9,95 €	9
181087	FILVIR HOGAR 250 ML	8,00 €	6
181092	COREGA TABLETAS ACCION TOTAL 30 TAB	8,95 €	4
181143	BIBERON ANTICOLICO MAM ANTICOLIC EASY START 320	11,95 €	1
181177	IAP PHARMA 32 150ML	9,95 €	1
181239	AVENE ANTI-ROJECES LECHE LIMPIADORA REFRESCANTE	20,95 €	2
181242	KLORANE BEBE PHYSICALENDULINA GEL ESPUMA SUAVE 5	18,95 €	1
181369	PARCHE OPTICLUDE BOYS AND GIRLS MINI 30P	9,95 €	1
181478	OTIFAES TAPONOX 45 ML	9,50 €	3
181546	FARLINE CREMA DE MANOS HIDRATANTE ACEITE OLIVA 5	1,90 €	18
181665	AQUORAL FORTE 30 MONODOSIS	17,50 €	3
181788	MAGIC SERUM CAMALEON 2UND X 2 ML	7,95 €	2
181810	AQUILEA PIERNAS LIGERAS 60 CO	17,95 €	6
181822	VAGISIL HIGIENE INTIMA PREBIOT GYNOPREBIOTIC PAC	9,95 €	13
181858	CISTITUS NOX 20 COMP	18,95 €	1
182126	PROTEGESENOS SUAVINEX NATUR60	7,95 €	2
182210	PEDISILK AQUALIGHT LIMA PIES DUREZAS	49,95 €	3
182322	ESPARADRAPO HIPOALERGICO OMNIPOR SKIN COLOR 5 M	2,50 €	2
182363	BIAFIN EMULSION CUTANEA 50 ML	9,90 €	6
182367	RELEC PULSERA ADULTO NEGRA	13,95 €	1
182392	PLANTILLAS DE GEL NATURALGEL CABALLERO TALLA 43-	14,95 €	2
182401	CARE+ TEST DE EMBARAZO	9,00 €	16
182405	LAURENS ESMALTE DE UÑAS STRENGTHEN BASE	6,95 €	2
182406	LAURENS ESMALTE DE UÑAS GEL EFFECT 3D	6,95 €	3
182503	FARICRON 30 COMP	14,90 €	1
182511	FITTYDENT SUPERADH ALMOHADILLAS ADHESIVAS PROTES	6,50 €	3
182513	FITTYDENT SUPERADHESIVO PROTESIS DENTAL ADHESIVO	7,50 €	4
182958	XLS MAX STRENGTH 60 STICKS	79,99 €	2
182968	CARE+ AGUA DE MAR BABY ISOTONICA INTENS SUAVE 12	6,95 €	9
183093	RELEC PULSERA BOB ESPONJA	16,95 €	5
183219	COMPLIDERMOL 5A PLUS	24,95 €	1
183286	FARLINE GOT HUMECT 0,2AH 15ML	5,95 €	4
183313	DESENSIN REPAIR PASTA DENTAL 125 ML	9,95 €	5
183412	VALERIANA PLUS VITAMINA B 40 GRAGEAS	8,95 €	2
183433	MUÑEQUERA METACARPIANA COMPRELASTIC T- EGDE	4,50 €	2
183471	PHB FLEXI INTERDEN EXTRAFINO20	6,95 €	13
183562	NEXFOOT LAPIZ CALLICIDA XPRESS 2ML	9,95 €	2
183603	LAURENS ESMALTE DE UÑAS TTO CALCIUM MILK ENAMEL	9,95 €	2
183604	LAURENS ESMALTE DE UÑAS TTO 2 EN 1 BRIGHT LOOK 1	12,95 €	3
183605	LAURENS ESMALTE DE UÑAS TTO TRIPLE 5 11 ML	15,95 €	2
183621	IAP PHARMA POUR FEMME Nº 31 150 ML	9,95 €	3
183622	IAP PHARMA POUR FEMME Nº 34 150 ML	10,11 €	1
183628	IAP PHARMA POUR FEMME Nº 32  30ML	3,95 €	3
183723	KLORANE CREMA DEPILATORIA ACCION RAPIDA 150 ML	12,50 €	1
183853	KIJIMEA COLON IRRITABLE 28 CAPSULAS	29,95 €	1
183932	CARE+ GEL GINGIVAL CICATRIZANTE 10ML	9,50 €	1
184013	LACTOFLORA SUERO ORAL 6 SOBRES DUOCAM SABOR FRUT	10,95 €	10
184421	FARLINE REGALVIT 10 G	0,33 €	3
184595	AQUILEA ARTICULACIONES FORTE 280 G	22,95 €	3
184615	VICKS BABYRUB 50 G	6,95 €	11
184667	ALVITA AGUA OXIGENADA REFORZADA 250 ML	1,95 €	25
184685	MUSTELA CONGESTION NASAL AGUA DE MAR SOLUCION HI	6,95 €	4
184702	AVENE CICALFATE BAUME REPARATEUR	6,95 €	3
184718	PERIO AID GEL BIOADHESIVO 30 ML	11,95 €	3
184722	REMESCAR PATAS DE GALLO	36,95 €	1
184836	URGO PARCHE DE ELECTROTERAPIA	24,95 €	4
184866	COREGA SELLADO MAXIMO 40 G	9,20 €	1
184867	COREGA MAXIMO SELLADO 70 GRAMOS	13,50 €	2
185042	NEVER:IPC REPELENTE DE INSECTOS SPRAY 100ML	7,20 €	1
185103	NEVER:PIC PARCHES DE GERANIO LEMONGRASS 16 PARCH	6,65 €	13
185301	LABEAU EDT VERT 100 ML	19,95 €	1
185415	ECTODOL SOL OFTAL 30 MONODOSIS	16,95 €	1
185428	COREGA OXIGENO BI ACTIVO 108 PASTILLAS	15,95 €	2
185526	IAP PHARMA POUR HOMME Nº 65 150 ML	9,95 €	2
185527	IAP PHARMA POUR FEMME Nº 35 150 ML	9,95 €	3
185528	IAP PHARMA POUR FEMME Nº 36 150 ML	9,95 €	2
185725	SEPARADOR CARRETE COMPRELASTIC CON 1 ANILLA TALL	4,50 €	1
185726	SEPARADOR CARRETE COMPRELASTIC CON 1 ANILLA TALL	4,50 €	1
185732	PROTECTOR HALLUX VALGUS DUPLO COMPRELASTIC TALLA	6,00 €	1
185734	BANDA COMPLETA CON HALLUX VALGUS COMPRELASTIC TA	10,00 €	1
185768	ALMOHADILLA HALLUX VALGUS COMPRELASTIC TALLA L 1	9,00 €	1
185870	POST PICADURAS ROLL ON 15 ML	6,95 €	11
186112	AVENE COLD CREAM CREMA DE MANOS CONCENTRADA PACK	10,95 €	8
186465	PARODONTAX COMPLETE PROTECCION 75 ML	5,95 €	1
186500	CARE+ SOL CALMANTE OJO IRRITADO 10ML	6,95 €	2
186645	JERINGA S/AGUJA ESTERIL CON CATETER APOSAN 50 ML	1,00 €	2
186683	KLORANE BEBE PETIT BRIN AGUA PERFUMADA 50 ML	10,50 €	3
186685	KLORANE BEBE CREMA HIDRATANTE 200 ML	8,50 €	1
186705	AQUILEA PIERNAS LIGERAS GEL100	12,95 €	2
186743	KUKIDENT EFECTO SELLADO 57 GR	11,95 €	5
186769	SOMATOLINE COSMETIC REDUCTOR 7 NOCHES GEL FRESCO	49,90 €	4
186816	TULGRASUM 10X10MM 10 APOS	14,95 €	1
186859	KNEIPP LOCION CORPORAL LIGERA ENJOY LIFE 200 ML	8,50 €	2
186996	NEUTROGENA HYDRO BOOST LOCION CORPORAL HIDRATANT	9,90 €	1
187017	SYSTANE COMPLETE GOTAS OFTALMICAS LUBRICANTES 10	15,95 €	22
187126	BOLSAS PARA LECHE MATERNA MEDELA 25 U	10,50 €	1
187308	ABSORB INC ORINA LIGERA TENA LADY PANTS PLUS GRA	11,95 €	1
187537	LAURENS QUITAESMALTES ULTRA SUAVE 150 ML	7,95 €	8
187538	LAURENS ESMALTE DE UÑAS TRATAMIENTO 11 ML NO BIT	9,95 €	3
187539	LAURENS ESMALTE DE UÑAS TRATAMIENTO 11 ML FERMEN	9,95 €	3
187540	LAURENS ESMALTE DE UÑAS TRATAMIENTO 11 ML HYDRA	9,95 €	2
187601	TIRITAS MEDICAL  REDUCTOR DE CICATRICES	24,95 €	1
187978	LACTOFLORA COLICARE 8 ML	15,95 €	3
188127	AQUORAL LIPO 10 ML	21,95 €	1
188140	KNEIPP BUENAS NOCHES INFUSION 20 BOLSITAS	2,95 €	4
188314	RHINOMER BABY	9,95 €	1
188559	IAP PHARMA POUR FEMME Nº 39 150 ML	9,95 €	2
188560	IAP PHARMA POUR FEMME Nº 40 150 ML	9,95 €	6
188561	EXCILOR TRATAMIENTO ANTIVERRUGAS 2 EN 1	22,95 €	4
188670	CHUPETE SILICONA MAM START 0-2 M AZUL	7,20 €	4
188671	CHUPETE SILICONA MAM START 0-2 M ROSA	7,20 €	4
188673	CHUPETE SILICONA MAM START 0-2 M VERDE	7,20 €	3
188897	AQUILEA COLESTEROL 20 STICKS	18,50 €	2
188910	ORAL-B PASTA ENCIAS & ESMALTE REPAIR ORIGINAL 2	8,50 €	14
189048	LAURENS ESMALTE DE UÑAS 11 ML JADE	6,95 €	2
189049	LAURENS ESMALTE DE UÑAS 11 ML DANDELION	6,95 €	2
189051	LAURENS ESMALTE DE UÑAS 11 ML RAISIN	6,95 €	3
189054	LAURENS ESMALTE DE UÑAS 11 ML TERRACOTTA	6,95 €	3
189057	LAURENS ESMALTE DE UÑAS 11 ML MOONSTONE	6,95 €	3
189058	LAURENS ESMALTE DE UÑAS 11 ML GINGER	6,95 €	3
189169	AQUILEA ARTICULACIONES FORTE 30 COMPRIM	18,95 €	2
189198	REPAVAR REVITALIZANTE AMPOLLAS CELLRENEW 30 AMP	31,95 €	1
189220	AVENE CLEANANCE COLOR SOLAR SPF 50+	16,90 €	5
189274	ORINAL SABOT CABALLERO	3,35 €	1
189317	TALQUISTINA LOCION 200 ML	13,95 €	1
189393	NEUTROGENA CREMA DE MANOS RAPIDA ABSORCION 75 ML	8,50 €	2
189428	BRONCHOTOS PEDIATRICO 200 ML	12,49 €	3
189484	DUREX PLAY LUBRICAN CALOR 50ML	10,50 €	2
189597	CEPILLO VITIS MEDIO ACCESS	3,95 €	2
189621	PERIO KIN SPRAY CLORHEX 40 ML	10,95 €	1
189628	FARLINE ACT BOLSA FRIO INST	1,80 €	4
189638	PILEXIL CAPSULAS STRENSIA 100 CAPSULAS	37,95 €	1
189673	VOLTATERMIC 2 PARCHES MARIPOSAS	9,95 €	1
189984	SUERO FISIOLOGICO ESTERIL & GO 5 ML 30 MONODOSIS	4,95 €	21
189986	SUERO FISIOLOGICO & GO 60 ML	3,50 €	2
190021	COLON CLEANSE LAX FIBRA 30 NATURCAPS	12,95 €	8
190022	BATTERIL 900 10 TABLETAS	9,95 €	1
190147	VASELINA PURA & GO 30 G	3,95 €	19
190332	KNEIPP SUEÑO COMPLET 30 C	10,95 €	15
190379	COSMOPOR ENTRY APOSITO ESTERIL 7,2 X 5 CM 10 U	2,95 €	10
190728	BLEVIT SUE*O 150 G	9,95 €	1
190963	KNEIPP SUEÑO COMPLET 60 COMPRIMIDOS	16,95 €	8
190976	AVENE BODY DESODORANTE EFICACIA 24H 1 ENVASE 50	6,95 €	21
190990	LACTACYD HIGIENE INTIMA ALCALINO PH8 50 ML	9,95 €	4
191256	DULCOSOFT POLVO PARA SOLUCION ORAL 20 SOBRES	12,95 €	1
191449	PHB TOTAL PASTA DENTIFRICA 75 ML +75 ML	5,95 €	17
191455	CANNABIX CBD CREMA 60 ML	13,95 €	7
191456	ONIRIA 30 COMP	10,50 €	1
192065	NUTRIBEN POLLO CON GUISANTES Y ZANAHORIAS POTITO	1,35 €	3
192066	NUTRIBEN POLLO CON ARROZ POTITO 235 G	1,35 €	9
192067	NUTRIBEN POLLO Y TERNERA CON VERDURITAS POTITO 2	1,35 €	23
192068	NUTRIBEN TERNERA CON JUDIAS VERDES Y ZANAHORIAS	1,35 €	2
192071	NUTRIBEN TERNERA CON PATATAS Y ZANAHORIAS POTITO	1,35 €	15
192072	NUTRIBEN POLLO CON PATATITAS POTITO 235 G	1,35 €	1
192074	NUTRIBEN SUPREMA DE MERLUZA CON ARROZ POTITO 235	1,35 €	3
192075	NUTRIBEN 250 LENGUADO VERDURAS	1,35 €	3
192077	NUTRIBEN MANZANA NARANJA PLATANO Y GALLETA POTIT	1,35 €	11
192079	NUTRIBEN MANZANA NARANJA PLATANO Y MELOCOTON POT	1,35 €	11
192080	NUTRIBEN MACEDONIA DE FRUTAS POTITO 235 G	1,35 €	14
192084	NUTRIBEN RECETAS TRADICIONALES MENESTRA DE CORDE	1,35 €	14
192085	NUTRIBEN GUISO DE POLLO TERNERA Y JUDIAS 235 G	1,35 €	4
192102	MEDICIS ESPUMA AFEITAR 50 ML	5,51 €	1
192179	DEVOR OLOR SPRAY 150 ML	11,95 €	1
192332	AVENE HYDRANCE AQUA GEL CREMA HIDRATANTE 50 ML	29,50 €	1
192334	AVENE HYDRANCE BB-LIGERA EMULSION HIDRATANTE SPF	22,95 €	1
192335	AVENE HYDRANCE BB-RICA CREMA HIDRATANTE SPF 30 C	22,95 €	1
192408	SANDOZ BIENESTAR PIE DIABETICO 100 ML	12,50 €	1
192452	XLS MEDICAL TEA 30 SOBRES	29,95 €	1
192890	COREGA EFECTO ALMOHADILLA 70G	13,50 €	5
192917	LACTOFLORA PROTECTOR INTESTINAL INFANTIL FRESA 1	13,90 €	11
192918	LACTOFLORA PROTECTOR INTESTINAL ADULTO 10 VIALES	13,90 €	24
192979	DERMAPLAST ACTIVE HOT/COLD 13 X 14 CM 1 U	6,95 €	2
193143	NEUTROGENA HIDRATACION PROFUNDA ACEITE EN LOCION	9,90 €	2
193254	FARLINE SWEETSIN CARAMELOS MENTA FORTE GRAGEAS 1	1,00 €	5
193296	IAP PHARMA POUR FEMME Nº 47 150 ML	9,95 €	1
193387	IWHITE EXPRESS SERUM BLANQUEADOR 10 APLICACIONES	38,95 €	3
193550	FARLINE DESODORANTE EXTRA DRY 50 ML	2,95 €	1
193551	FARLINE DESODORA SENSIBLE 50ML	2,20 €	1
193701	HALIBUT CUIDATOPIC GEL DE BAÑO 500 ML	14,95 €	4
193702	HALIBUT CUIDATOPIC LOCION CORPORAL 400 ML	20,95 €	2
193703	HALIBUT CUIDATOPIC CREMA FACIAL 50 ML	12,95 €	3
193704	HALIBUT CUIDATOPIC CREMA PRE-BROTE 15 ML	9,50 €	4
193705	SANDOZ BIENESTAR CABELLO Y UÑAS 90 CAPSULAS	49,95 €	2
193846	HALIBUT CUIDATOPIC CREMA BROTE ATOPIA 30 ML	9,95 €	1
194180	AVENE ANTIROUGEURS UNIFY CUIDADO UNIFICADOR SPF	20,95 €	2
194263	ROSA MOSQUETA GELIFICADA & GO 30 ML	10,95 €	3
194285	AVENE CLEANANCE WOMAN CUIDADO NOCHE ALISADOR 30	24,95 €	6
194286	AVENE CLEANANCE WOMAN SERUM CORRECTOR 30 ML	25,95 €	1
194525	PRODEFEN PLUS 10 SOBR	13,50 €	9
194535	AQUILEA ANTIACIDO 24 COMPRIMIDOS	7,50 €	2
194685	ALMIRON ADVANCE+ PRONUTRA 2 POLVO 800 G	16,95 €	2
194858	ALMIRON ADVANCE+ PRONUTRA 1 POLVO 800 G	20,50 €	3
194944	GINGIKIN PLUS ENJUAGUE 500 ML	9,95 €	1
195209	LACTOFLORA IBSOLUCION 28 STICKS	25,95 €	2
195288	CANNABIX CBD CREMA 200 ML	37,95 €	4
195325	ALMIRON ADVANCE+ DIGEST 2 POLVO 800 G	26,95 €	2
195330	ZZZQUIL NATURA 30 GOMINOLAS	13,95 €	6
195353	CAMALEON ILUMINADOR 100% NATURAL CREMA BLANCO	6,90 €	3
195356	CAMALEON ILUMINADOR 100% NATURAL CREMA BRONCE	6,90 €	1
195357	CAMALEON ILUMINADOR 100% NATURAL CREMA PALETA 3	15,90 €	1
195436	LACTACYD GEL LUBRICANTE	10,50 €	7
195465	PARODONTAX HERBAL FRESH 2 X 75 ML	8,50 €	23
195468	PARODONTAX ORIGINAL 2 X 75 ML	8,50 €	17
195575	KNEIPP STRESS BALANCE 15 COMPRIMIDOS	9,95 €	2
195610	STELATOPIA ACEITE 200 ML	13,95 €	3
195638	PARODONTAX HERBAL FRESH 75 ML	5,50 €	5
195842	VAGISIL GEL HIDRAT VAGIN 30G	8,95 €	12
196040	CHUPETE SILICONA MAM COMFORT AN 0+ M PACK AZUL	12,95 €	2
196042	CHUPETE SILICONA MAM COMFORT NU 0+ M PACK VERDE	12,95 €	2
196432	BION3 ENERGIA 30 COMPRIMIDOS	9,95 €	1
196575	DUPLO AVENE PEDIATRICO SPRAY 50+	28,95 €	12
196577	DUPLO AVENE SOL SPRAY EXTR F50+ 200M	28,95 €	6
196811	SMINT CARAMELOS  FRESA	2,00 €	16
197141	XLS ORIGINAL NUDGE 180	69,99 €	2
197142	XLS MEDICAL FORTE 5 NUDGE 180	89,99 €	4
197220	XLS ORIGINAL NUDGE 90 STICKS	69,99 €	2
197273	PHARMATON COMPLEX 90 CAPSULAS PACK PROMOCIONAL	18,95 €	7
197405	CARBONATO DE MAGNESIO ANA MARIA LAJUSTICIA POLVO	7,45 €	1
197409	FUCA REGULARIDAD 30 COMPRIMIDOS	7,50 €	12
197410	FUCA REGULARIDAD 60 COMPRIMIDOS	11,95 €	5
197677	CANNABIX BETA 45 CAPSULAS	25,50 €	5
197775	IAP PHARMA POUR HOMME Nº 72 150 ML	9,95 €	1
197830	RADARFARM PERSONAL AHUYENTADOR MOSQUITOS	11,95 €	1
198044	AVENE SOL SPRAY EXTR F50+ 200M	19,30 €	1
198072	IAP PHARMA POUR FEMME Nº 85 150 ML	9,95 €	1
198139	COMPEED STICK ANTIFRICC 8 ML	9,50 €	15
198471	PROFIL DUREX SENSITIVO SUAVE SLIM FIT 10U	9,95 €	2
198472	PROFIL DUREX SENSITIVO XL 10U	9,95 €	2
199233	MASCARILLA QUIRURGICA NIÑOS	0,96 €	74
200410	CARMEX BALS LAB TARRO 7,5 GR	5,50 €	8
200710	MUÑEQUERA FARMALASTIC INNOVA VELCRO BEIGE T- PEQ	4,50 €	1
200719	LETIBALM STICK PROTECTOR SPF 20 4.5 G	5,50 €	17
200956	VENDA FIJACION PEHA-HAFT 4X8	3,75 €	2
201476	PACK PROTEX ATOPIC KIDS + GEL ATOPIC	19,95 €	4
201665	ATOPIC ECO PROMO GEL 750 +CCEXTREME	18,50 €	1
202573	BIORALSUERO BABY 4+4 SOBR	11,45 €	1
202574	FISIOENEMA 250 ML	6,50 €	1
203119	STERI STRIP 1547 6 TIRA 100X12	6,95 €	1
203133	PLAC CONTROL LIQ 15 ML	5,60 €	1
205633	CEPILLO INTERPROX PLUS MICRO 6	5,95 €	8
205765	LACER COLUT SIN ALCOHOL 500 ML	8,95 €	7
206359	SENSI LACER FLUOR PASTA 75 ML	6,95 €	1
206516	SUSPENSORIO CORYSAN T 08	7,40 €	1
206896	CEPILLO INTERPROX PUS CONIC 6U	5,95 €	1
207597	CEPILLO DENTAL INTERPROXIMAL INTERPROX ACCESS MA	5,40 €	1
207852	BUCALSONE SOLU HIDRAT 50 ML	8,95 €	1
208488	NUTRICERAT CHAMPU CABELLO MUY SECO Y DAÑADO DUCR	11,90 €	3
209387	PANTY VIADOL NORMAL BE T5	24,32 €	1
209825	NUTRIBEN 8 CEREALES MIEL 600 G	5,20 €	5
209858	CEPILLO DENTAL INTERPROXIMAL INTERPROX PLUS MINI	5,95 €	4
209924	CEPILLO DENTAL INTERPROXIMAL INTERPROX ACCESS MI	5,40 €	1
209957	TUBIESPUMA PROTEGEDEDOS 2	3,50 €	1
209965	NUTRIBEN CER SIN GLUTEN 600 G	5,20 €	3
210019	SCHOLL CR TALON AGRIETADO 60ML	9,95 €	2
210039	CEPILLO INTERPROX ACCESS CONIC	5,70 €	1
211219	TILA ALPINA MILVUS 20 BOLS	5,50 €	1
212040	VENDA TUBULAR MALLA ELASTICA ELASTOFIX S T-3 HOM	19,30 €	1
213645	LACTACYD GEL INTIMO 200 ML	8,95 €	1
218248	MEDIA MEDILAST 892 NOR COR MD	11,06 €	1
219774	EMOLIENTA U\AS 15 ML	6,50 €	1
219899	PINZA BETER DEPILAC COBRE24025	6,50 €	4
219998	ALGASIV DENTADURA SUPERIOR 18U	7,60 €	1
220004	ALGASIV DENTADURA INFERIOR 18U	7,60 €	6
220053	GUANTE CORYSAN CIRUG ESTER 7,5	0,70 €	1
221382	COLONIA NAHORE BABY 500 ML	9,00 €	3
221390	NEBUCHAMBER CAMARA INHALACION	31,86 €	1
221416	TENSIOMETRO OMRON AUTOMA M3	68,00 €	2
221853	MEDIA FARMALAS LAR NOR BG MD	20,60 €	2
223700	LAPIZ OJOS JADE	2,95 €	4
223717	LAPIZ OJOS AZABACHE	2,95 €	4
223724	LAPIZ OJOS OCEANO	2,95 €	1
223725	SACAPUNTAS	2,00 €	3
226477	KLORANE PACK DISCOVER	20,95 €	2
226548	PARCHES CALLOS DISCO PROTECTOR FAMOS 6 U	5,00 €	4
226563	SEPARADEDOS DISCOS ENTREDEDOS FAMOS 6 U	5,00 €	6
226571	DUREZAS PROTECTOR FAMOS DISCO 3 U	5,00 €	6
226637	KLORANE PACK MATERNIDAD PRIMEROS CUIDADOS	45,95 €	2
226852	NUTRICERAT MASCARILLA CABELLO ULTRANUTRITIVA DUC	13,50 €	2
226860	NUTRICERAT EMULSION TTE ULTRANUTRITIVA DUCRAY 10	13,50 €	1
229039	TERMOMETRO ORO PLANO MERCURIO	2,78 €	1
229294	CUENTAGOTAS CONDAL CRISTAL P BOLA 12 U	0,85 €	9
229831	COMPEED APOSITOS AMPOLLAS MD 5	6,95 €	8
230665	VITIS ORTHODONTIC COLUTORIO 500 ML	9,95 €	2
232357	COMPEED PARCHE CALENTURAS 15 U	9,95 €	8
232801	VENDAJE TUBUL GENOV R50 RODILL	10,95 €	1
233536	CEPILLO PHB ADULTO DURO	2,95 €	2
234427	HERMESETAS 1200 COMP	9,95 €	13
235242	SUITA SACARINA SOLU CONC 24 ML	3,70 €	1
236240	TUBIESPUMA PROTEGEDEDOS 3	3,50 €	2
236273	KLORANE CHAMPU PEONIA 400 ML	14,95 €	3
236281	KLORANE CHAMPU CAMOMILA 400 ML	14,95 €	1
236538	HIALSORB 100 ML	12,95 €	3
236646	KLORANE CHAMPU EXTRASUAVE A LA LECHE DE AVENA 40	14,95 €	1
237321	KLORANE CHAMPU QUININA 400 ML	14,95 €	10
237990	INDASEC MINI 80 ML 20 UN	3,45 €	1
238303	TAPONES OIDOS NOTON ECON 2 UN	1,50 €	2
238444	EUCERIN PROTECTOR LABIAL 4,8 GRAMOS	3,95 €	14
238493	PAN-REUMOL BA*O MANOS GEL 200	10,95 €	1
238576	FLUOR LACER JUNIOR DIARIO 500 ML	7,95 €	5
238770	VALPHARMA TEST DE EMBARAZO 1 U	9,95 €	2
239691	MAQUINILLA CORTA PELOS NASAL	15,10 €	5
239798	MANZANILLA AMARGA CARABELA 25 FILTROS	3,50 €	1
239939	TIJERA BETER CUTICUL INOX24110	8,90 €	4
239947	TIJERA BETER U*AS INOX 24111	8,90 €	3
239962	ALICATE BETER PIELES PROF24071	14,75 €	6
241000	XHEKPON CR ANTIEDAD 40 ML	8,50 €	1
241091	COMPEED APOSIT DEDOS PIES 8 UN	6,50 €	5
242289	LETI BALM BALS REPAR TUBO 10ML	5,50 €	15
242701	NOVOSAL SALERO 200 G	3,25 €	1
242776	PINZA BETER DEPILAR R 2401	4,20 €	8
242792	PINZA BETER EMPAVONADA 24003	4,15 €	3
242800	CORTAU*AS BETER REF 24006	2,50 €	6
242842	LIMA BETER CORINDO 4U 11CM2404	1,10 €	5
242875	ALICATES BETER U*AS R 2409	14,15 €	2
242883	ALICATES BETER PIEL R 2410	12,50 €	1
242917	TIJERA BETER BABY R24013	11,80 €	4
242966	LIMA BETER ZAFIRO 15CM R24022	3,00 €	3
242990	CUCHILLAS CORTACALL BETER 10U	3,10 €	5
243006	TIJERA BETER PEDICURO 24033	16,45 €	2
243014	ESCOFINA BETER R 2439	4,10 €	1
244046	PERSPIREX ORIGINAL DESOD AXILAS 25 ML	15,95 €	7
244921	CAVILON PROTEC CUTAN SPRAY 28	21,50 €	1
245050	KLORANE BEBE GEL CAB CUERP500	10,95 €	1
245365	CERA PROTEC ORTODONCIA VITIS	7,95 €	5
246116	LEPHANET TOALLITAS LIMP 30 UN	16,95 €	16
247098	LETIBALM PEDIATRICO 10 ML	5,50 €	22
247601	EVANS TALCO PQ	3,50 €	2
251197	ARNIDOL 15 ML	9,50 €	9
253146	TAPONES OIDOS 3M AGUA 2 UN	6,95 €	1
253385	AVENE TRIACNEAL EXPERT 30 ML	21,95 €	1
254805	GENOCURE MALLA TUBULAR 6	9,50 €	1
254847	COREGA SUPER ULTR CR EXT FTE40	8,40 €	13
256362	JGA-AGJ BD INS 1U-100 12/33 10	2,50 €	1
256370	JERINGA INSULINA MICROFINE 1/2 UI 10 U	2,50 €	1
256551	CEPILLO DENTAL INTERPROXIMAL INTERPROX PLUS MAXI	6,50 €	1
258233	TIRITAS SENSITIVE ELASTIC APOSITO ADHESIVO 1M X	3,00 €	8
258574	AVENE SOL CR EXTREM F50+ 50ML	16,90 €	45
258657	PROFIL DUREX SENSITIVO SUAVE 12U	9,95 €	2
259739	MASCARILLA 3M POLEN-POLVO 3 UN	12,50 €	2
262709	AVENE HYDRANCE OPTIM ENRIQ 40	20,95 €	2
262717	AVENE HYDRANCE OPTIM LIGERA40	21,95 €	2
263665	GINGILACER COLUTORIO 500 ML	9,95 €	3
264333	VITACRECIL COMPLEX 60 CAPS	22,95 €	1
264662	AQUORAL 0,4% 0,5 ML 20 MONOD	10,50 €	14
264788	PROFIL DUREX CONTACT TOTAL 12U EXTRA FINO	9,95 €	2
264811	URGO AFTAS 10 ML	10,50 €	11
265167	CEPILLO DENTAL ADULTO VITIS MEDIO DUPLO	6,95 €	13
265168	CEPILLO DENTAL ADULTO VITIS SUAVE DUPLO	6,95 €	7
265332	NASALMER 125 ML	7,95 €	13
266049	TENA FOR MEN LEVEL 1 EXTRA LIGHT 24 UN	6,95 €	1
266890	KLORANE BEBE CREMA AL COLD CREAM 40 ML	7,95 €	8
267724	HEMOALLITAS 50 UN	8,50 €	4
267872	GINGILACER FLUOR PASTA 125 ML	7,50 €	2
268367	CEPILLO VITIS ORTHODONTIC	5,50 €	5
268409	PERIO AID COLUT MANTENIM 150ML	5,50 €	11
269925	FUNSOL SPRAY 150 ML	10,95 €	1
277731	ROHA MAX BOTE 130 G	13,50 €	3
285452	ARKOCAPSULAS RUSCO 50 CAPS	9,25 €	1
300293	COREGA  EXTRA FUERTE 70G	12,50 €	8
300364	JUANOLAS PASTILLAS GD 30 G	4,95 €	6
300365	JUANOLAS PASTILLAS PQ 6 G	1,80 €	1
300616	BARDAGYN HIG INTIM SOL 250 ML	15,95 €	1
300830	INTERPROX 6 CEPILLOS MINI	5,95 €	5
300848	INTERPROX 6 CEPILLOS CONICOS	5,50 €	2
301609	CARMEX CLASSIC BALSAMO LABIAL SPF 15 4.25 G	5,50 €	2
302339	PURELAN 100 CR 37 G	17,95 €	1
303990	TERMOMETRO BAÑO INFANTIL SUAVINEX	5,90 €	3
304014	TIJERA SUAVINEX INF	5,50 €	1
304394	AVENE AGUA TERMAL 150 ML	7,95 €	5
304535	FLUOR KIN PASTA INFANT DOSIF	6,95 €	1
304683	PROFIL CONTROL ADAPTA NATURE24	12,50 €	2
304758	PROFIL CONTROL ADAPTA XL 12	10,95 €	1
308757	COMPLIDERMOL 5 ALFA 60 CAPS	23,95 €	1
310995	ADDERMIS TOALLITAS HUMEDAS 60U	4,95 €	2
311143	CEPILLO ORAL B PULSONIC	24,90 €	1
311161	COREGA EXT FTE SIN SABOR 40 ML	8,40 €	1
313585	HALITA LIMPIADOR LINGUAL	4,95 €	3
314279	FITOROID POMADA ENDORECTAL 40 ML	13,95 €	1
314997	MUSTELA CHAMPU RECIEN NACID150	10,76 €	1
315518	RETILUT 60 CAPS	35,95 €	1
315804	COMPRESA MATERNITY ALGODON 20U	2,95 €	2
316018	MU*EQUERA MEDILAST GD UN	2,50 €	1
316653	CALCETIN FARMALASTIC NOR NE MD	7,25 €	2
316729	LETI BALM BALSAM TARRO10ML	5,50 €	59
316990	ANDROVIT 30 COMP	15,95 €	1
317202	CEPILLO DENTAL ADULTO PHB POCKET	5,25 €	3
317636	PERA CORYSAN TODO GOMA 10	4,50 €	1
317651	PERA CORYSAN TODO GOMA 6	4,20 €	1
317669	PERA CORYSAN TODO GOMA 4	3,95 €	1
318485	NUVENIA TOALLITAS DESMAQUILLADORAS 20 TOALLITAS	3,00 €	3
318816	DUCRAY CHAMPU ARGEAL 150 ML	16,50 €	1
319889	CUBRE ESCAYOLA PRIM BRAZO GD	14,95 €	1
319897	CUBRE ESCAYOLA PRIM INFANTIL MEDIO BRAZO	11,00 €	1
320101	MAGNESIO AQUILEA EFERV 14 COMP	4,95 €	1
320323	ABSORB INC ORINA LIGERA INDASEC HOMBRE 10 U	3,35 €	3
322818	MEDIA FARMAL LAR NOR CAPU GD	20,09 €	1
323576	TAPONES OIDOS APOSAN CERA 8 UN	2,30 €	1
323642	TAPONES OIDOS APOSAN SILIC 6UN	3,00 €	1
323923	HALITA ENJUAGUE BUCAL 500 ML	12,95 €	6
324418	ALICATE BETER U*AS PEDICU24155	29,95 €	3
324558	COMPEED APOSITOS CALLOS 10 UN	5,50 €	3
326736	PH5 EUCERIN CREMA 100ML+75ML REGALO	18,95 €	5
326744	PH5 EUCERIN LOC 400 ML	19,95 €	1
328641	DUREX PLAY BASIC LUBRICANT 50	10,50 €	3
328674	BEPANTHOL POMADA PROTECTORA TATUAJES 100 G	18,50 €	1
330579	AVENE SPF 50+ SPRAY NIÑOS MUY ALTA PROTECCION 20	19,30 €	2
330712	MULTIDERMOL GEL 750 ML	8,95 €	3
331132	UNGLAX 2 ENDURECEDOR 12 ML	9,50 €	1
331819	PANTY FARMALASTIC NORM GD	24,50 €	1
331843	MEDIA FARMALASTIC COR NOR EGD	9,05 €	1
331868	MEDIA FARMALASTIC COR NOR MD	20,13 €	1
331876	MEDIA CORTA (A-D) COMP NORMAL FARMALASTIC BEIGE	9,33 €	1
331978	LACER GEL DENTAL JUNIOR 75 ML	4,50 €	1
332130	AVENE SOL CR F50+ COLOR 50ML	16,90 €	49
332180	AVENE SPF 50+ STICK ZONAS SENSIBLES 8 G	9,95 €	6
332890	VITIS SEDA DENTAL CON FLUOR Y MENTA SUAVE 50 M	4,95 €	1
333278	ENVASE ORINA CODIFAR	0,50 €	1
333518	HIPOSUDOL JUNIOR ROLL-ON 50 ML	8,50 €	1
333599	CEPILLO VITIS ENCIAS	4,95 €	11
334755	ORINAL SABOT SE\ORA CORYSAN	6,50 €	1
337188	DUCRAY KELUAL EMUL 50 ML	15,95 €	1
337261	BOLSA ORINA PEDIATRICA CORYSAN 12 UN	0,50 €	1
337691	DISCOS ABSORBENTES LACTANCIA MATERNITY 30 U	4,95 €	1
337922	ESPARADRAPO LEUKOPLAST CARNE 5 X 2,5 CM	3,95 €	1
338756	SACARINA RIERA CORDOBA 200 CO	2,30 €	2
339861	CEPILLO DENTAL ADULTO PHB PLUS SUAVE	3,95 €	3
340208	AGUA ROSAS BETAFAR 225 ML	3,65 €	1
340240	GLICERINA PURA BETAFAR 140 G	3,95 €	1
341909	TENA LADY COMPRESA MINI 20 UN	3,95 €	6
342261	PERIO AID COLUT MANTENIM 500	9,95 €	4
343004	FAJA FARMALASTIC VELCRO BL T2	27,95 €	1
343037	KLORANE CHAMPU NUTRITIVO A LA MANTECA DE MANGO 4	14,95 €	3
343061	BRAGA PAPEL APOSAN 4 UN T40 GD	4,90 €	1
343152	DISCOS DESMAQ APOSAN ALG 80UN	2,00 €	1
343160	BASTONCILLOS APOSAN 100 UN	1,00 €	1
343624	TENA LADY COMPR ULTRA MINI PLUS16	5,16 €	19
343715	AEROSOL CORYNEB	78,95 €	1
344190	XEROSDENTAID COLUTORIO 500 ML	11,95 €	10
344382	ANDINA 25 G	12,95 €	1
344390	ANDINA 100 G	19,95 €	1
344515	BIOPEL CR 50 G	10,95 €	2
346526	CARMEX BALS LAB TARR CEREZA7,5	5,50 €	4
347765	BEPANTHOL PROTECTORA TATUAJES PDA 30 G	9,95 €	2
348061	NUTRICERAT CONCENTRADO DUCRAY 75 ML	10,90 €	1
348141	BETAFAR SUERO FISIOLOGICO 60 ML	2,95 €	1
348143	CEPILLO DENTAL ADULTO VITIS SUAVE ACCESS	3,95 €	39
348441	INTERPROX 6 CEPILLOS MICRO	5,95 €	16
348821	OTC REPAVAR 15 ML	11,50 €	24
350200	VITIS COLUTORIO CON ALOE VERA 1000 ML	13,50 €	3
350268	VITIS ENCIAS COLUTORIO BUCAL 1 L	14,95 €	20
352829	DUCRAY DEXERYL CREMA 250 GR	8,95 €	1
353651	BIE3 SLIM BODY INFUS 1.5 G 25 FILT (ANTES BIO3)	5,95 €	1
355107	NUTRIBEN CR ARROZ 300 G	3,50 €	3
356626	KLORANE BALSAMO DESENREDANTE MANTECA MANGO 150 M	13,95 €	2
356667	AVENE PAN LIMP PAST 100 G	8,50 €	7
359729	MELAGYN GEL HIGIENE INTIMA 200	9,95 €	7
359919	CEPILLO VITIS CIRUGIA	6,30 €	1
360149	CALCETIN FARMALASTIC NOR AZ GD	7,25 €	1
360454	SOLUCION UNICA DUPLO 2X365 ML	9,60 €	10
363838	BEXIDENT ENCIAS PASTA 75 ML	7,50 €	1
364168	ZAPATO MINDY 37	85,00 €	1
364172	ZAPATO PAULINE 39	85,00 €	1
364341	ZAPATO MAYMA 39	85,00 €	1
369744	HILO DENTAL ORAL-B SUP FLOS50U	4,95 €	20
370619	NEUSC 2	5,75 €	1
371120	PROFIL CONTROL ADAPTA NATURE12	6,95 €	1
371773	BELCILS CR VITALIZANTE	11,95 €	1
372326	CORTACUTICULA BETER 12,5 24018	7,05 €	9
372441	CUMLAUDE MUCUS VAGINAL 30 ML	11,95 €	1
373175	BALSAMO PRIMEROS DIENT MYTOSIL	7,95 €	3
374066	TIRITAS INFANTIL KID 20 UN	2,50 €	1
374074	TIRITAS PLASTIC APOSITO ADHESIVO 19 X 72 20 U	3,00 €	10
374108	TIRITAS PLAST 20 TIRAS SURT	3,00 €	4
374272	CEPILLO VITIS JUNIOR	3,95 €	14
375881	AVENE SOL EMULF50+ OIL FREE 50	16,90 €	24
378117	CORTACALLOS BETER ECONOM 24138	8,75 €	2
379164	COMPEED APOSIT DUREZAS GD 2 UN	5,50 €	11
379594	JGA ICOSTERIL 20 ML LUER	1,10 €	1
379636	JGA ICOSTERIL 05 ML LUER	0,50 €	1
379776	JERINGA ICO C/AGUJ 0,7X30 10ML G22 13/16	1,00 €	1
379982	PINZAS DEPILAR BETER P CANGREJO DORADA 9,3 CM	4,45 €	14
381269	PIEDRA POMEZ OVAL BETER 24950	3,75 €	5
382473	NUTRICERAT SPRAY DUCRAY 75 ML	10,90 €	1
382788	MEDIA FARMAL LAR NOR BG REI PL	10,30 €	3
383430	TENSIOMETRO DIGITAL OMRON R2 DE MUÑECA	66,00 €	1
383703	BLEVIT DIGEST 150 G	10,95 €	1
383919	CEPILLO PHB ADULTO MEDIO	4,58 €	1
384040	HILO DENTAL ORAL-B FLUOR-MENTA	4,50 €	1
385278	GENOCUTAN JABON LIQ DERMAT 750 ML	7,50 €	1
385666	LACER COLUT CLORHEXIDIN 500 ML	8,95 €	3
385732	MUSTELA LIMPIADOR AGUA PHYSIOBEBE 300 ML	12,95 €	1
387670	OTO-TAP ESPUMA 10 UDS	4,75 €	1
387779	JGA CON AGUJA 1 ML CAPSULE	0,50 €	22
387787	DEDILES ACOFAR NUM 7 12 U	0,50 €	3
388074	ANIS ESTRELLADO HERBOFARMA SOB	3,75 €	1
388132	EUCALIPTUS HERBOFARMA SOBRE	2,60 €	1
391847	LACER FLUOR PASTA 125 ML	6,75 €	6
391854	LACER FLUOR PASTA 75 ML	4,95 €	3
391862	LACER FLUOR PASTA 50 ML	4,50 €	1
392720	PILEXIL 150 CAPSULAS +50 CAP	35,95 €	2
394585	KLORANE CHAMPU CAPUCHINA 200ML	9,50 €	2
398628	TALONERA CAZOLETA ESPOLON COMFORSIL S	16,95 €	1
399584	NUTRIBEN 200 JUNIOR POLLO VERDURAS	1,00 €	1
399659	VIGORIX 60 CAPS	23,75 €	1
399774	HYABAK SOL HIDR OCULAR 10 ML	11,95 €	33
399931	NEUTROGENA LABIAL SPF 20	3,95 €	44
400079	MEDIA CORTA (A-D) COMP FUERTE MEDILAST T-  MED	6,67 €	1
400084	INCOPACK INICIA ANATOM DIA 80U	25,95 €	3
400086	PROCHAMBER CAMARA INHALACION	7,28 €	2
400106	LINDOR RECT MAX SUP NOCHE 80 U	38,29 €	1
400326	VAJILLA SKIP-HOP  ZOO 2 PIEZAS	12,50 €	2
410548	ESPARAD MICROPORE BL 5X2,5	0,99 €	3
410555	ESPARAD MICROPORE BL 5X5	1,63 €	1
410605	ESPARAD MICROPORE RS 5X2,5	0,99 €	1
410654	OPTICLUDE 20 PARCHES GD	4,27 €	1
410662	OPTICLUDE 20 PARCHES PQ	4,27 €	1
417287	VENDA CAMBRIC LUSAN 5X5	0,43 €	4
417857	ALGODON ZIGZAG INDAS 50 G	0,43 €	8
417865	ALGODON ZIGZAG INDAS 100 G	0,79 €	2
421412	BRAGUERO ACOFAR IZDO 090 CM	10,74 €	1
429217	ESPARAD OMNIPLAST TEL BL 5X2,5	0,99 €	1
429308	VENDA DE MALLA HIDROFILA LUSAN 5 X 7 CM	0,41 €	4
441097	MU*EQUERA METC VENTUBEL T 1	2,99 €	1
441105	MU*EQUERA METC VENTUBEL T 2	2,99 €	1
441360	TOBILLERA FARMALASTIC PQ	4,00 €	2
441378	TOBILLERA FARMALASTIC MD	4,00 €	1
441386	TOBILLERA FARMALASTIC GD	4,29 €	1
441394	TOBILLERA FARMALASTIC EXT-GD	4,00 €	1
441402	RODILLERA FARMALASTIC PEQUE*A	3,90 €	1
441410	RODILLERA FARMALASTIC MEDIANA	3,90 €	1
441428	RODILLERA FARMALASTIC GRANDE	3,90 €	2
441436	RODILLERA FARMALASTIC EXT-GDE	3,90 €	1
441444	MU*EQUERA FARMALASTIC PQ	1,76 €	2
441451	MU*EQUERA FARMALASTIC MD	1,44 €	2
441469	MU*EQUERA FARMALASTIC GD	1,44 €	2
442574	MUÑEQUERA VENTUBEL CORTA T- PEQ	1,58 €	1
442582	MUÑEQUERA VENTUBEL CORTA T- MED	1,67 €	2
447359	BOLSA ORINA CAMA PRIM 2 LIT 30 UN	10,46 €	1
450403	HOLLIS KARAYA PASTA 125 GR	10,83 €	1
454066	LINDOR RECT DIA 80 UN	25,94 €	1
459164	VOLUMATIC CAMARA INHALACION	7,28 €	1
459776	MEDIA CORTA MEDILAST FTE R/894 T/8	8,04 €	4
459966	TENACONFORT ANAT DIA PLUS 80UN	31,14 €	1
460261	INCOPACK ANAT DIA 80 UN	31,14 €	3
460295	INCOPACK ANAT SNOCH 80 UN	52,70 €	1
460428	INCOPACK ANAT NOCH 80 UN	43,91 €	2
461715	INCOPACK ANAT EL SNOCHGD80	52,70 €	1
462895	TENACONFORT ANAT SNOCH 80 UN	52,70 €	1
463711	MEDIA FARMALASTIC COR FTE PQ	7,21 €	4
463729	MEDIA FARMALASTIC COR FTE MD	7,21 €	10
463737	MEDIA FARMALASTIC COR FTE GD	7,21 €	22
463745	MEDIA FARMALASTIC COR FTE EGD	7,21 €	5
463778	MEDIA FARMALASTIC LAR FTE GD	9,05 €	4
463786	MEDIA FARMALASTIC LAR FTE EXGDE	9,05 €	2
463794	PANTY FARMALASTIC FTE PQ	20,28 €	1
463802	PANTY FARMALASTIC FTE MD	20,53 €	4
463810	PANTY FARMALASTIC FTE GRANDE	20,53 €	3
467340	VARIHESIVE GEL CONTROL 10X10	12,32 €	1
469445	MOLICARE ANAT EL SNOCH GD 80 U	50,65 €	3
469452	ABS PANTS NOC ANAT ELASTICO T- MED	43,91 €	1
469460	ABSORB INC ORINA SUP-NOC ANAT DEMAR ELASTICO T-	52,70 €	1
471243	INCOPACK PANT T- GDE DIA 80 UNIDADES	31,14 €	5
471482	INCOPACK  PANTS NOCH MD 80 UN	43,91 €	1
471516	INCOPACK PANT T-GDE NOCHE 80 UNIDADES	31,14 €	2
471540	INCOPACK PANT T-MED  SUPERNOCHE 80 UNIDADES	52,70 €	3
471573	INCOPACK PANT T-GDE SUPERNOCHE 80 UNIDADES	52,70 €	4
471615	INCOPACK RECT SNOCH ULT-80	43,51 €	3
472662	LINDOR ANAT DIA 80 UN	31,14 €	1
473355	BOLSAS UROST SIST DOBLE PLAC URODRESS CONVEX 34/	74,76 €	1
476176	TENA RECT DIA 80 UN	25,95 €	1
476283	ABSORB INC ORINA DIA ANAT ABS PANTS T- GDE 80 U	31,14 €	1
476689	PANTY FARMALASTIC CAB FTE EGD	20,30 €	1
478321	INCOPACK PANT T-MEDIA DIA 80 UNIDADES	31,14 €	5
478487	ABS PANTS INC ORINA DIA ANAT ELAST T- M	31,14 €	1
480285	PANTY FARMALASTIC FTE T REINA	20,53 €	1
480954	CONFORTPAD ELAS MD NOCHE 80UN	43,91 €	1
482158	COMPRESA GASA EST INDAS 25 UN	1,60 €	9
482166	COMPRESA GASA EST INDAS 50 UN	2,90 €	14
482174	COMPRESA GASA EST INDAS 100 UN	5,29 €	4
482612	COSMOPOR E APOSITO 7,2X5 CM	2,06 €	2
482638	COSMOPOR E APOSITO 10X8 CM	4,57 €	6
482646	COSMOPOR E APOSITO 15X8 CM	6,85 €	1
482653	COSMOPOR E APOSITO 20X10 CM	11,43 €	4
483867	GASA HIDROFILA ACOFAR 1 M	0,87 €	5
485862	BOLSAS COLOST RES SINT MIC FIL ALTERNA CONFORT M	67,64 €	1
487215	BOLSA ORINA PIER PRIM CONF LAR	14,29 €	1
487298	RODILLERA MEDILAST 853 T- MED	4,25 €	1
487314	RODILLERA MEDILAST 853 T- EGDE	4,25 €	1
487611	ESTEEM CERR TRANSP REC 20/70	67,64 €	1
488122	BOLSAS RECOGIDA ORINA CAMA HOLLISTER VALVULA ANT	12,00 €	1
489039	MEDIA LARGA (A-F) COMP FUERTE FARMALASTIC BANDA	9,66 €	3
489047	MEDIA FARMAL FT LARG BLOND MD	9,66 €	7
489054	MEDIA FARMAL FT LARG BLOND GD	9,66 €	5
489062	MEDIA FARMAL FT LARG BLOND XGD	9,66 €	6
489252	PANTY FARMALASTIC FTE PL REINA	20,53 €	1
489294	TENA FLEX ANAT ELAS SNOCH GD80 CINTURON	56,78 €	1
489385	BOLSAS ILEOST MODERMA FLEX REF 28401	67,64 €	1
489419	VENDA ELASTICA CREPE HACO-CREPE R-85 4 M X 7 CM	1,22 €	4
489427	VENDA ELASTICA CREPE HACO-CREPE R-85 4 M X 10 CM	1,65 €	1
489435	VENDA ELASTICA CREPE HACO-CREPE R-85 10  M X 10	4,10 €	5
490896	MEDIA CORTA (A-D) COMP FUERTE VARISAN T- 4	7,70 €	1
490904	MEDIA CORTA (A-D) COMP FUERTE VARISAN T- 5	18,38 €	2
490946	MEDIA VARISAN LAR SIL FT5 BG	9,05 €	1
492322	MASTER AID ORTOP SKIN REGU 20U	4,28 €	1
492991	CALCETIN ELASTICO TERAPEUTICO FARMALASTIC T- EGD	7,58 €	1
493080	TENA FLEX ANAT ELAS NOCH GD 80	43,91 €	1
494385	ABSORB INC ORINA DIA ANAT ORLYS PANTS T. GRANDE	31,14 €	1
494419	ABSORB INC ORINA NOC ANAT ORLYS PANTS T. GRANDE	43,91 €	1
494740	APOSITOS B OSTOM ARO RES SINT MIC DURAHESIVE CON	19,46 €	1
494815	MEDIA FARMAL FT LARG BLOND REI	9,66 €	2
494823	MEDIA FARMAL FT LAR BLON REINA PLUS	9,66 €	2
495986	BOLSAS ILEOST SIST DOB PLAC CONFORM 2 ABI 25863	92,14 €	2
496778	TENACONFORT ANAT DIA NORM 80U	25,95 €	1
498154	MEDIA MEDIL LARG BLOND FTE EXG	9,66 €	1
499376	BOLSAS UROST SIST DOBLE PLAC CONFORM 2 URO PLANA	74,76 €	1
499822	 MEFIX ESPARADRAPO HIPO FLEXIBLE 10 X10	5,99 €	1
499996	MEDIA FARMALASTIC COR FTE REINA PLUS	6,95 €	16
500051	MASCARILLA FFP2 GRATUITA COMUNIDAD DE MADRID	0,01 €	63
506832	CONFORTINA BLANCA 37	39,95 €	1
520286	BASTON PLEGABLE	21,00 €	1
546051	JGA ENFA 10ML 40/8	1,00 €	78
551690	CINNABARIS GR     15CH BOIRON	9,95 €	1
561464	ANDADOR  PLEG ALUM	75,00 €	1
563650	TAPONES OIDOS MOLDEX	1,50 €	73
572616	ZIPYRAN PLUS SABOR 2 COMP	9,50 €	1
578394	CONOFITE SUSPENSION TOPI 20 ML	26,95 €	1
650010	BLASTOESTIMULINA PDA 60 G	15,63 €	1
651877	ASPIRINA C 20 COMP EFERV	9,77 €	1
652847	UTABON 35 MCG PULV NASAL	5,80 €	2
653899	BUCOMETASANA 30 COMP	7,35 €	1
654571	ASPIRINA 500 MG GRANUL 10 SOBR	5,96 €	1
656245	MUCOSAN 30 MG JBE 250 ML I	9,99 €	13
656412	IBUDOL 400 MG 20 SOBRES SUSPENSION ORAL 10 ML	7,79 €	11
658582	NUROFEN 400 MG 10 CAPS BLANDAS	5,99 €	5
659426	VISPRING COLI UNIDOSIS 10 VIAL	7,80 €	3
659724	ANGILEPTOL 30 COMPRIMIDOS PARA CHUPAR MENTA-EUCA	8,10 €	1
659767	CINFAMUCOL 250 MG/5 ML SOLUCION ORAL 200 ML	8,35 €	54
659885	ZOVICREM LABIAL 2 G BOMB DOSIF	6,84 €	9
659988	VICKS SINEX SENSI 15 ML	5,99 €	1
660142	PEPCID 10 MG 12 COMP	8,20 €	1
660405	BISOLVON ANT COMPOS SOLU 200ML	8,99 €	12
660478	HEMOAL FORTE CR 30 G	10,33 €	9
661039	BIODRAMINA INF 25 MG 12 COMP	5,12 €	1
661108	EMULIQUEN SIMPLE 15 ML 10 SOBR	5,43 €	2
661250	CRISTALMINA SOL PULV CUT 25 ML	6,15 €	22
661658	IBUSTICK 50 MG/G GEL 60 G  ROLL-ON EFP	8,50 €	1
661668	FAVE DE FUCA 40 GRAG	6,95 €	19
662794	RHINOVIN DUO NEBULIZADOR NASAL 10 ML	6,99 €	1
663728	AERO RED 120 MG 40 COMP	7,26 €	3
664347	RESPIBIEN ANTIALERGICO NEBULIZADOR NASAL 15 ML	6,10 €	1
664444	ARKOCAPSULAS PASIFLORA 300 MG 84 CAPSULAS	14,90 €	1
665299	MICRALAX 5 ML 12 MICROENEMAS	14,95 €	2
669887	FLUTOX JBE 200 ML	8,84 €	28
671705	ZOVIDUO CREMA	8,59 €	12
675820	STREFEN 8.75 MG 16 PASTILLAS PARA CHUPAR	9,20 €	2
681528	COULDINA EFERVESC 20 COMP CON ASPIRINA	10,51 €	1
681536	SANODIN GEL 20 MG PDA 15 G	8,90 €	1
681817	FRENADOL FORTE 10 SOBR	10,45 €	5
682518	CALMIOX 5 MG/G 50 GR ESPUMA	8,59 €	1
683659	CANESDERM PIE 1% CREMA 20 G	9,80 €	5
687016	DORMIDINA 25 MG 14 COMPRIMIDOS	8,09 €	75
688032	IBEROGAST GOTAS ORALES 20 ML	9,95 €	1
688033	IBEROGAST GOTAS ORALES SOLUCION 50 ML	19,95 €	2
688046	RESPIBIEN FRESHMINT 0.05% NEBULIZADOR 15 ML	6,60 €	12
689188	PHARMATUSGRIP 500/30/15 MG 10 SOBRES POLVO SOLUC	8,90 €	53
689398	COULDINA INSTANT 10 SOBR	7,99 €	1
693820	ANGILEPTOL MENTA 30 GRAG	8,10 €	2
694109	BETADINE SOLU DERMICA 50 ML	5,81 €	17
695761	BIODRAMINA INFANTIL 120 MG/5 ML 5 MONODOSIS SOL	5,45 €	3
695780	BUCOMAX LIDOCAINA 24 PASTILLAS PARA CHUPAR LIMON	8,20 €	116
695782	BUCOMAX LIDOCAINA 24 PASTILLAS PARA CHUPAR MENTA	8,20 €	43
695789	BUCOMAX LIDOCAINA 24 PASTILLAS PARA CHUPAR NARAN	8,20 €	55
696971	THROMBOCID PDA 60 G	6,71 €	2
696989	THROMBOCID PDA 30 G	4,87 €	2
698277	AERO RED FORTE 240 MG 20 CAPSULAS BLANDAS	7,50 €	1
700138	REACTINE PLUS 14 COMP	11,95 €	10
701299	GINE CANESTEN 500 MG 1 CAPSULA VAGINAL BLANDA (C	9,99 €	6
701904	AERO RED GOT 100 ML	8,01 €	1
701912	AERO RED GOT 25 ML	5,51 €	1
701961	AERO RED 40 MG 100 COMP	6,60 €	2
702151	COULDINA CON PARACETAMOL 20COM	10,51 €	1
703676	HIDROXIL B1 B6 B12 30 COMPRIMIDOS RECUBIERTOS	12,93 €	1
704070	BRONCHOSTOP SOLUCION 200 ML	12,49 €	22
704585	ASTENOLIT 12X10 ML BEBIB	9,05 €	1
705186	AMNIOLINA R BALSAMO 50 G	5,00 €	1
705657	FRENADOL JUNIOR 10 SOBR	10,45 €	7
706457	SALDEVA FORTE 10 COMP	7,52 €	1
706809	FLONASE 50 MCG 60 PULV SPRAY NASAL	13,18 €	2
712729	ASPIRINA C 10 COMP EFERV	5,96 €	3
712786	ASPIRINA 500 MG 20 COMP	5,20 €	5
715227	BECOZYME C FORTE 30 GRAG	13,19 €	1
716166	TERMALGIN GRIPE 10 SOBRES	8,77 €	23
716720	BETADINE SOLU DERMICA 500 ML	9,40 €	1
717330	BICARBONATO T M 30 COMP	7,73 €	1
718395	BIODRAMINA CAFEINA 12 GRAG	5,20 €	20
718411	BIODRAMINA CAFEINA 4 GRAG	4,14 €	1
718445	BIODRAMINA 50 MG 12 COMP	5,09 €	20
718655	CINFATOS JARABE 200ML	8,15 €	81
719053	CINFATOS EXPECTORANTE 200ML	8,35 €	62
719385	BLASTOESTIMULINA PDA 30 G	10,33 €	1
720002	BRONCHOSTOP NIÑOS JARABE 200 ML EFP	12,49 €	6
720284	MAGNOGENE 45 GRAG	5,86 €	3
722934	BUCOMETASANA 20 COMP	5,85 €	1
724120	CAFIASPIRINA 20 COMP	5,96 €	1
724166	FRENASAL PLUS 1/50 MG/ML NEBULIZADOR NASAL 10 ML	6,95 €	16
726161	VOLTADOL FORTE 23.2 MG/G GEL TOPICO 100 G	14,97 €	33
737668	MAGNESIA CINFA SUSP 260 ML	5,60 €	1
741793	ANTICONGESTIVA CUSI LASSAR 45G	7,13 €	1
744011	EMULIQUEN LAXANTE 230 ML	4,87 €	1
746081	DISNEUMON PERNASAL AEROSOL	5,35 €	1
748483	DULCO LAXO 5 MG 30 GRAGEAS	7,99 €	29
751636	CINFATOS 20 PASTILLAS	6,70 €	48
754960	EVACUOL GOT 30 ML	8,02 €	1
756833	MUCOSAN 15 MG JBE 200 ML I	8,93 €	9
757336	PILDORAS ZENINAS 30 PILDORAS	7,18 €	22
760017	FRENADOL COMPLEX GDO 10 SOBR	10,45 €	39
769893	HODERNAL-G SOLU 300 ML	5,99 €	1
771337	ILVICO 20 GRAG	9,44 €	12
772178	INHALADOR VICKS	3,99 €	16
779183	GAFAS DE NIÑAS DISNEY PRINCESAS	5,00 €	1
791467	NEBULICINA AD 10 ML	7,14 €	1
793752	FLUTOX 10 MG 20 GRAG	8,84 €	2
794560	NICO HEPATOCYN 60 GRAG	6,80 €	1
799908	RHINOVIN 0,1% SPRAY NASAL10 ML	6,35 €	1
800433	FORTASEC 2MG FLAS 12 COMP	9,95 €	7
801415	PANKREOFLAT 50 GRAG	8,76 €	1
802223	STREPSILS LIDOCAINA 24 PAST	9,20 €	1
813642	PYRALVEX BERNA 10 ML	8,10 €	1
816728	RESPIBIEN AD NEBUL 15 ML	5,65 €	131
817601	RHINOSPRAY GOT 12 ML	5,82 €	1
818534	RINOCUSI VITAMINICO PDA 10 G	9,90 €	7
821249	EMULIQUEN LAXANTE 15 ML 10 SOB	5,51 €	1
824581	SINUS INHALACIONES SOLU 30 ML	12,16 €	2
829762	SUPO GLIC ROVI AD 12 UN	5,60 €	13
829788	SUPO GLIC ROVI INF 15 UN	5,60 €	1
829804	SUPO GLIC ROVI LACT 10 UN	5,60 €	3
835975	ULTRA ADSORB 30 CAPS	5,89 €	1
836236	COLONIA Nº 62 150 ML	9,95 €	2
839720	GELOCATIL GRIPE FORTE 10 SOBR	9,49 €	60
843342	UTABON INF GOT 15 ML	4,96 €	1
843987	THROMBOCID FORTE 0,5% PDA 60 G	8,32 €	87
846287	VICKS VAPORUB 50 G	7,51 €	78
849729	DERMO VAGISIL CR 15 G	6,55 €	1
855049	SUPO GLIC VILARDELL AD 18 UN	5,45 €	1
857227	FENISTIL GEL 30 G	8,45 €	2
866665	ACEITE RICINO ORRAVAN 30 G	4,90 €	1
877399	RESPIR SPRAY NASAL DOSIFICAD	6,87 €	1
881581	FENISTIL ROLL-ON 8 ML	8,55 €	3
886200	GELOCATIL GRIPE PSEUDOEFREDINA 20 COMP	9,49 €	37
888537	PHARMAGRIP 10 SOBR	8,90 €	20
891622	BEKUNIS COMPLEX 40 GRAG	7,51 €	3
907741	RENNIE MENTA SACARINA 48 COMP	7,54 €	1
913376	RENNIE MENTA LIMON 48 TABL	7,54 €	1
917906	BETADINE GEL 30 G	6,49 €	2
923193	SWEETIER CONEJO	19,50 €	1
923195	SWEETIER DRAGON	19,50 €	1
923200	SWEETIER PATO	19,50 €	1
923201	SWEETIER PEZ	19,50 €	1
923202	SWEETIER RANA	19,50 €	1
923203	SWEETIER RATON	19,50 €	3
923239	WARMIE BUHO LEOPARDO	19,50 €	1
926758	SAL DE FRUTA ENO 150 G	7,17 €	1
934091	ANGILEPTOL MIEL LIMON 30 GRAG	8,10 €	1
940288	SUPO GLIC GLYCILAX 12 UN	5,01 €	6
944769	SAL DE FRUTA ENO LIMON 150 G	7,17 €	2
952770	ANTIVERRUGAS ISDIN SOLU 20 ML	8,15 €	1
953273	CALMATEL CR 60 G	8,96 €	1
954925	ACTRON COMPUESTO 20 COMP EFER	9,90 €	5
954974	ALKA SELTZER 20 COMP EFERV	9,26 €	1
960427	AGIOLAX GDO 250 G	11,24 €	1
961664	STREPSILS MIEL-LIMON 24 PAST	8,31 €	23
961896	SALVACOLINA 20 COMP	7,76 €	8
962720	OJOSBEL COLI 8 ML	4,97 €	1
965012	FRENADOL DESCONGESTIVO 16 CAPSULAS	10,45 €	26
965590	DESENFRIOL C 10 SOBR	8,15 €	1
965970	GINE CANESTEN 500 MG 1 COMP VA	9,71 €	1
966812	GINE CANESTEN 2% CR 20 G	9,37 €	3
968198	BETADINE GEL 100 G	7,99 €	1
969394	RADIO SALIL PDA ANTIINF 60 G	8,24 €	2
969501	PROPALGINA PLUS 10 SOBR	8,74 €	1
971747	BISOLVON ANTITUSIVO JBE 200 ML	8,60 €	7
971879	STREPSILS VITAMINA C 24 PAST	8,31 €	1
977769	VERUFIL 15 ML	5,73 €	1
978486	BIODRAMINA 20 MG 12 CHICLE	5,80 €	6
983163	BEXIDERMIL GEL 50 G	6,22 €	1
993600	DENTISPRAY 5 ML	9,98 €	1
995746	VISPRING COLI 10 ML	7,00 €	21
997064	SAL DE FRUTA ENO NARANJA 150G	7,17 €	2
997221	RADIO SALIL SPRAY 130 ML	10,08 €	1
997429	BETADINE VAGINAL	7,12 €	1
997437	BETADINE SOLU DERMICA 125 ML	7,60 €	1
997452	BETADINE BUCAL 125 ML	7,12 €	1
998625	MICRALAX 4 CANULETA 5 ML	6,95 €	8
999789	SRO FISIOL VITULIA 100 ML	1,65 €	1
999790	SRO FISIOL VITULIA 250 ML	1,78 €	2
999791	SRO FISIOL VITULIA 500 ML	1,95 €	2
999792	SRO FISIOL VITULIA 1000 ML	2,20 €	2